{
    "parent": "item/generated",
    "textures": {
        "layer0": "item/apple"
    },
    "overrides": [
        {
            "predicate": {
                "custom_model_data": 10025
            },
            "model": "ttp/i/a/auto_generated/apple_green"
        },
        {
            "predicate": {
                "custom_model_data": 10026
            },
            "model": "ttp/i/a/auto_generated/banana"
        },
        {
            "predicate": {
                "custom_model_data": 10027
            },
            "model": "ttp/i/a/auto_generated/cactus_pear"
        },
        {
            "predicate": {
                "custom_model_data": 10028
            },
            "model": "ttp/i/a/auto_generated/coconut"
        },
        {
            "predicate": {
                "custom_model_data": 10029
            },
            "model": "ttp/i/a/auto_generated/cranberry_sauce"
        },
        {
            "predicate": {
                "custom_model_data": 10030
            },
            "model": "ttp/i/a/auto_generated/fig"
        },
        {
            "predicate": {
                "custom_model_data": 10031
            },
            "model": "ttp/i/a/auto_generated/lychee"
        },
        {
            "predicate": {
                "custom_model_data": 10032
            },
            "model": "ttp/i/a/auto_generated/mango"
        },
        {
            "predicate": {
                "custom_model_data": 10033
            },
            "model": "ttp/i/a/auto_generated/mangosteen"
        },
        {
            "predicate": {
                "custom_model_data": 10034
            },
            "model": "ttp/i/a/auto_generated/passionfruit"
        },
        {
            "predicate": {
                "custom_model_data": 10035
            },
            "model": "ttp/i/a/auto_generated/peach"
        },
        {
            "predicate": {
                "custom_model_data": 10036
            },
            "model": "ttp/i/a/auto_generated/pear"
        },
        {
            "predicate": {
                "custom_model_data": 10037
            },
            "model": "ttp/i/a/auto_generated/pineapple"
        },
        {
            "predicate": {
                "custom_model_data": 10038
            },
            "model": "ttp/i/a/auto_generated/rambutan"
        },
        {
            "predicate": {
                "custom_model_data": 10039
            },
            "model": "ttp/i/a/auto_generated/soursop"
        },
        {
            "predicate": {
                "custom_model_data": 10040
            },
            "model": "ttp/i/a/auto_generated/starfruit"
        },
        {
            "predicate": {
                "custom_model_data": 10041
            },
            "model": "ttp/i/a/auto_generated/toddy_palm"
        },
        {
            "predicate": {
                "custom_model_data": 10042
            },
            "model": "ttp/i/a/auto_generated/tomato"
        },
        {
            "predicate": {
                "custom_model_data": 10043
            },
            "model": "item/apple"
        }
    ]
}