{
    "parent": "minecraft:item/generated",
    "textures": {
        "layer0": "minecraft:item/cooked_beef"
    },
    "overrides": [
        {
            "predicate": {
                "custom_model_data": 10000
            },
            "model": "ttp/i/a/auto_generated/burger_beef"
        },
        {
            "predicate": {
                "custom_model_data": 10001
            },
            "model": "ttp/i/a/auto_generated/burger_chicken"
        },
        {
            "predicate": {
                "custom_model_data": 10002
            },
            "model": "ttp/i/a/auto_generated/burrito_beef"
        },
        {
            "predicate": {
                "custom_model_data": 10003
            },
            "model": "ttp/i/a/auto_generated/roast_ham"
        },
        {
            "predicate": {
                "custom_model_data": 10004
            },
            "model": "ttp/i/a/auto_generated/roast_turkey"
        },
        {
            "predicate": {
                "custom_model_data": 10005
            },
            "model": "ttp/i/a/auto_generated/taco_beef"
        },
        {
            "predicate": {
                "custom_model_data": 10006
            },
            "model": "ttp/i/c/food/eat/pasta"
        },
        {
            "predicate": {
                "custom_model_data": 10007
            },
            "model": "minecraft:item/cooked_beef"
        }
    ]
}