{
  "parent": "minecraft:item/generated",
  "textures": {
    "layer0": "minecraft:item/gold_nugget"
  },
	"overrides": [
        {"predicate":{"custom_model_data":500},"model":"item/battlepass/air"},
        {"predicate":{"custom_model_data":501},"model":"item/battlepass/lock"},
        {"predicate":{"custom_model_data":502},"model":"item/battlepass/unlock"},
        {"predicate":{"custom_model_data":503},"model":"item/battlepass/reward_unclaimed"},
        {"predicate":{"custom_model_data":504},"model":"item/battlepass/reward_claimed"},
        {"predicate":{"custom_model_data":505},"model":"item/battlepass/questbook"},
        {"predicate":{"custom_model_data":506},"model":"item/battlepass/questbook_gray"},
        {"predicate":{"custom_model_data":507},"model":"item/battlepass/reward_locked_gray"},
        {"predicate":{"custom_model_data":508},"model":"item/battlepass/reward_locked_green"},
        {"predicate":{"custom_model_data":509},"model":"item/battlepass/questbook_event"}
      ]
    }