{
	"credit": "Made with Blockbench",
	"textures": {
		"0": "ttp/i/c/a/mickeymouseballisticmask"
	},
	"elements": [
		{
			"from": [1.5, 1.7, 0],
			"to": [14.5, 13.75, 0.5],
			"rotation": {"angle": 0, "axis": "y", "origin": [16, 8, 8]},
			"faces": {
				"north": {"uv": [0.1, 7.1, 7.9, 15.9], "texture": "#0"},
				"east": {"uv": [0.1, 7.1, 0.1, 15.9], "texture": "#0"},
				"south": {"uv": [2.1, 8.1, 2.1, 9.9], "texture": "#0"},
				"west": {"uv": [0.1, 7.1, 0.1, 15.9], "texture": "#0"},
				"up": {"uv": [3.1, 8.1, 3.1, 8.1], "texture": "#0"},
				"down": {"uv": [1.1, 13.1, 1.1, 14.9], "texture": "#0"}
			}
		},
		{
			"from": [6.25, 3.95, -0.25],
			"to": [10, 5.25, 0.25],
			"rotation": {"angle": 0, "axis": "y", "origin": [16, 8.25, 7.75]},
			"faces": {
				"north": {"uv": [4, 8, 4, 8], "texture": "#0"},
				"east": {"uv": [4, 8, 4, 8], "texture": "#0"},
				"west": {"uv": [4, 8, 4, 8], "texture": "#0"},
				"up": {"uv": [4, 8, 4, 8], "texture": "#0"},
				"down": {"uv": [4, 8, 4, 8], "texture": "#0"}
			}
		},
		{
			"from": [1.5, 1.2, 0.5],
			"to": [14.5, 1.7, 2.3],
			"rotation": {"angle": 0, "axis": "y", "origin": [16, 9.7, 8.5]},
			"faces": {
				"north": {"uv": [1, 15, 1, 15], "texture": "#0"},
				"east": {"uv": [1, 15, 1, 15], "texture": "#0"},
				"south": {"uv": [1, 15, 1, 15], "texture": "#0"},
				"west": {"uv": [1, 15, 1, 15], "texture": "#0"},
				"up": {"uv": [1, 15, 1, 15], "texture": "#0"},
				"down": {"uv": [1, 15, 1, 15], "texture": "#0"}
			}
		},
		{
			"from": [3.5, 14.25, 1],
			"to": [12.5, 14.75, 2],
			"rotation": {"angle": 0, "axis": "y", "origin": [16, 6.75, 9]},
			"faces": {
				"north": {"uv": [1, 8, 2, 8], "texture": "#0"},
				"east": {"uv": [1, 8, 2, 8], "texture": "#0"},
				"south": {"uv": [1, 8, 2, 8], "texture": "#0"},
				"west": {"uv": [1, 8, 2, 8], "texture": "#0"},
				"up": {"uv": [1, 8, 2, 8], "texture": "#0"}
			}
		},
		{
			"from": [1.5, 13.75, 0.5],
			"to": [14.5, 14.25, 2.3],
			"rotation": {"angle": 0, "axis": "y", "origin": [16, 6.25, 8.5]},
			"faces": {
				"north": {"uv": [2, 8, 3, 8], "texture": "#0"},
				"east": {"uv": [2, 8, 3, 8], "texture": "#0"},
				"south": {"uv": [2, 8, 3, 8], "texture": "#0"},
				"west": {"uv": [2, 8, 3, 8], "texture": "#0"},
				"up": {"uv": [2, 8, 3, 8], "texture": "#0"},
				"down": {"uv": [2, 8, 3, 8], "texture": "#0"}
			}
		},
		{
			"from": [14.5, 1.7, 0.5],
			"to": [15, 13.75, 2.3],
			"rotation": {"angle": 0, "axis": "y", "origin": [16, 8, 8.5]},
			"faces": {
				"north": {"uv": [0, 8, 0, 16], "texture": "#0"},
				"east": {"uv": [0, 8, 0, 16], "texture": "#0"},
				"south": {"uv": [0, 8, 0, 16], "texture": "#0"},
				"west": {"uv": [0, 8, 0, 16], "texture": "#0"},
				"up": {"uv": [4, 8, 5, 8], "texture": "#0"},
				"down": {"uv": [1, 15, 1, 15], "texture": "#0"}
			}
		},
		{
			"from": [15, 3.7, 1],
			"to": [15.5, 11.75, 2],
			"rotation": {"angle": 0, "axis": "y", "origin": [16.5, 8, 9]},
			"faces": {
				"north": {"uv": [0, 10, 0, 14], "texture": "#0"},
				"east": {"uv": [0, 10, 0, 14], "texture": "#0"},
				"south": {"uv": [0, 10, 0, 14], "texture": "#0"},
				"up": {"uv": [1, 8, 1, 8], "texture": "#0"},
				"down": {"uv": [1, 15, 1, 15], "texture": "#0"}
			}
		},
		{
			"from": [15.5, 5.8, 1.5],
			"to": [15.7, 6.75, 14],
			"rotation": {"angle": 0, "axis": "y", "origin": [16.7, 9.3, 9.5]},
			"faces": {
				"east": {"uv": [1, 1, 1, 2], "texture": "#0"},
				"south": {"uv": [1, 1, 1, 2], "texture": "#0"},
				"west": {"uv": [1, 1, 1, 2], "texture": "#0"},
				"up": {"uv": [1, 1, 1, 2], "texture": "#0"},
				"down": {"uv": [1, 1, 1, 2], "texture": "#0"}
			}
		},
		{
			"from": [0.3, 5.8, 1.5],
			"to": [0.5, 6.75, 14],
			"rotation": {"angle": 0, "axis": "y", "origin": [-0.7, 9.3, 9.5]},
			"faces": {
				"east": {"uv": [1, 1, 1, 2], "texture": "#0"},
				"west": {"uv": [1, 1, 1, 2], "texture": "#0"},
				"up": {"uv": [1, 1, 1, 2], "texture": "#0"},
				"down": {"uv": [1, 1, 1, 2], "texture": "#0"}
			}
		},
		{
			"from": [0.3, 5.8, 13.8],
			"to": [15.6, 6.75, 14],
			"rotation": {"angle": 0, "axis": "y", "origin": [8.3, 9.3, 15]},
			"faces": {
				"north": {"uv": [1, 1, 1, 2], "rotation": 270, "texture": "#0"},
				"south": {"uv": [1, 1, 1, 2], "rotation": 270, "texture": "#0"},
				"up": {"uv": [1, 1, 1, 2], "rotation": 270, "texture": "#0"},
				"down": {"uv": [1, 1, 1, 2], "rotation": 270, "texture": "#0"}
			}
		},
		{
			"from": [6.075, 14.775, 1.6],
			"to": [7.025, 14.975, 14.1],
			"rotation": {"angle": 0, "axis": "y", "origin": [8, 14.875, 7.85]},
			"faces": {
				"east": {"uv": [1, 1, 1, 2], "rotation": 90, "texture": "#0"},
				"west": {"uv": [1, 1, 1, 2], "rotation": 90, "texture": "#0"},
				"up": {"uv": [1, 1, 1, 2], "rotation": 90, "texture": "#0"},
				"down": {"uv": [1, 1, 1, 2], "rotation": 90, "texture": "#0"}
			}
		},
		{
			"from": [5.975, 14.725, 1.55],
			"to": [7.125, 15.025, 2.8],
			"rotation": {"angle": 0, "axis": "y", "origin": [8, 14.825, 7.8]},
			"faces": {
				"north": {"uv": [10, 1, 10, 2], "rotation": 90, "texture": "#0"},
				"east": {"uv": [10, 1, 10, 2], "rotation": 90, "texture": "#0"},
				"south": {"uv": [10, 1, 10, 2], "rotation": 90, "texture": "#0"},
				"west": {"uv": [10, 1, 10, 2], "rotation": 90, "texture": "#0"},
				"up": {"uv": [10, 1, 10, 2], "rotation": 90, "texture": "#0"},
				"down": {"uv": [10, 1, 10, 2], "rotation": 90, "texture": "#0"}
			}
		},
		{
			"from": [15.5, 8.6, 1.45],
			"to": [15.8, 9.75, 2.7],
			"rotation": {"angle": 0, "axis": "y", "origin": [15.7, 7.725, 7.7]},
			"faces": {
				"north": {"uv": [10, 2, 10, 1], "rotation": 180, "texture": "#0"},
				"east": {"uv": [10, 2, 10, 1], "texture": "#0"},
				"south": {"uv": [10, 2, 10, 1], "texture": "#0"},
				"west": {"uv": [10, 2, 10, 1], "texture": "#0"},
				"up": {"uv": [10, 2, 10, 1], "texture": "#0"},
				"down": {"uv": [10, 2, 10, 1], "texture": "#0"}
			}
		},
		{
			"from": [0.2, 8.6, 1.45],
			"to": [0.5, 9.75, 2.7],
			"rotation": {"angle": 0, "axis": "y", "origin": [0.3, 7.725, 7.7]},
			"faces": {
				"north": {"uv": [10, 2, 10, 1], "rotation": 180, "texture": "#0"},
				"east": {"uv": [10, 2, 10, 1], "texture": "#0"},
				"south": {"uv": [10, 2, 10, 1], "texture": "#0"},
				"west": {"uv": [10, 2, 10, 1], "texture": "#0"},
				"up": {"uv": [10, 2, 10, 1], "texture": "#0"},
				"down": {"uv": [10, 2, 10, 1], "texture": "#0"}
			}
		},
		{
			"from": [6.075, 5.875, 13.9],
			"to": [7.025, 14.975, 14.1],
			"rotation": {"angle": 0, "axis": "y", "origin": [8, 8.725, 14]},
			"faces": {
				"north": {"uv": [1, 1, 1, 2], "rotation": 90, "texture": "#0"},
				"east": {"uv": [1, 1, 1, 2], "rotation": 90, "texture": "#0"},
				"south": {"uv": [1, 1, 1, 2], "rotation": 90, "texture": "#0"},
				"west": {"uv": [1, 1, 1, 2], "rotation": 90, "texture": "#0"},
				"down": {"uv": [1, 1, 1, 2], "rotation": 90, "texture": "#0"}
			}
		},
		{
			"from": [15.5, 8.7, 1.5],
			"to": [15.7, 9.65, 14],
			"rotation": {"angle": 0, "axis": "y", "origin": [16.7, 12.2, 9.5]},
			"faces": {
				"east": {"uv": [1, 1, 1, 2], "texture": "#0"},
				"south": {"uv": [1, 1, 1, 2], "texture": "#0"},
				"west": {"uv": [1, 1, 1, 2], "texture": "#0"},
				"up": {"uv": [1, 1, 1, 2], "texture": "#0"},
				"down": {"uv": [1, 1, 1, 2], "texture": "#0"}
			}
		},
		{
			"from": [0.3, 8.7, 1.5],
			"to": [0.5, 9.65, 14],
			"rotation": {"angle": 0, "axis": "y", "origin": [-0.7, 12.2, 9.5]},
			"faces": {
				"east": {"uv": [1, 1, 1, 2], "texture": "#0"},
				"west": {"uv": [1, 1, 1, 2], "texture": "#0"},
				"up": {"uv": [1, 1, 1, 2], "texture": "#0"},
				"down": {"uv": [1, 1, 1, 2], "texture": "#0"}
			}
		},
		{
			"from": [0.3, 8.7, 13.8],
			"to": [15.6, 9.65, 14],
			"rotation": {"angle": 0, "axis": "y", "origin": [8.3, 12.2, 15]},
			"faces": {
				"north": {"uv": [1, 1, 1, 2], "rotation": 270, "texture": "#0"},
				"south": {"uv": [1, 1, 1, 2], "rotation": 270, "texture": "#0"},
				"up": {"uv": [1, 1, 1, 2], "rotation": 270, "texture": "#0"},
				"down": {"uv": [1, 1, 1, 2], "rotation": 270, "texture": "#0"}
			}
		},
		{
			"from": [8.975, 14.775, 1.6],
			"to": [9.925, 14.975, 14.1],
			"rotation": {"angle": 0, "axis": "y", "origin": [8, 14.875, 7.85]},
			"faces": {
				"east": {"uv": [1, 1, 1, 2], "rotation": 90, "texture": "#0"},
				"west": {"uv": [1, 1, 1, 2], "rotation": 90, "texture": "#0"},
				"up": {"uv": [1, 1, 1, 2], "rotation": 90, "texture": "#0"},
				"down": {"uv": [1, 1, 1, 2], "rotation": 90, "texture": "#0"}
			}
		},
		{
			"from": [8.875, 14.725, 1.55],
			"to": [10.025, 15.025, 2.8],
			"rotation": {"angle": 0, "axis": "y", "origin": [8, 14.825, 7.8]},
			"faces": {
				"north": {"uv": [10, 1, 10, 2], "rotation": 90, "texture": "#0"},
				"east": {"uv": [10, 1, 10, 2], "rotation": 90, "texture": "#0"},
				"south": {"uv": [10, 1, 10, 2], "rotation": 90, "texture": "#0"},
				"west": {"uv": [10, 1, 10, 2], "rotation": 90, "texture": "#0"},
				"up": {"uv": [10, 1, 10, 2], "rotation": 90, "texture": "#0"},
				"down": {"uv": [10, 1, 10, 2], "rotation": 90, "texture": "#0"}
			}
		},
		{
			"from": [15.5, 5.7, 1.45],
			"to": [15.8, 6.85, 2.7],
			"rotation": {"angle": 0, "axis": "y", "origin": [15.7, 7.725, 7.7]},
			"faces": {
				"north": {"uv": [10, 2, 10, 1], "rotation": 180, "texture": "#0"},
				"east": {"uv": [10, 2, 10, 1], "texture": "#0"},
				"south": {"uv": [10, 2, 10, 1], "texture": "#0"},
				"west": {"uv": [10, 2, 10, 1], "texture": "#0"},
				"up": {"uv": [10, 2, 10, 1], "texture": "#0"},
				"down": {"uv": [10, 2, 10, 1], "texture": "#0"}
			}
		},
		{
			"from": [0.2, 5.7, 1.45],
			"to": [0.5, 6.85, 2.7],
			"rotation": {"angle": 0, "axis": "y", "origin": [0.3, 7.725, 7.7]},
			"faces": {
				"north": {"uv": [10, 2, 10, 1], "rotation": 180, "texture": "#0"},
				"east": {"uv": [10, 2, 10, 1], "texture": "#0"},
				"south": {"uv": [10, 2, 10, 1], "texture": "#0"},
				"west": {"uv": [10, 2, 10, 1], "texture": "#0"},
				"up": {"uv": [10, 2, 10, 1], "texture": "#0"},
				"down": {"uv": [10, 2, 10, 1], "texture": "#0"}
			}
		},
		{
			"from": [8.975, 5.875, 13.9],
			"to": [9.925, 14.975, 14.1],
			"rotation": {"angle": 0, "axis": "y", "origin": [8, 8.725, 14]},
			"faces": {
				"north": {"uv": [1, 1, 1, 2], "rotation": 90, "texture": "#0"},
				"east": {"uv": [1, 1, 1, 2], "rotation": 90, "texture": "#0"},
				"south": {"uv": [1, 1, 1, 2], "rotation": 90, "texture": "#0"},
				"west": {"uv": [1, 1, 1, 2], "rotation": 90, "texture": "#0"},
				"down": {"uv": [1, 1, 1, 2], "rotation": 90, "texture": "#0"}
			}
		},
		{
			"from": [0.5, 3.7, 1],
			"to": [1, 11.75, 2],
			"rotation": {"angle": 0, "axis": "y", "origin": [-0.5, 8, 9]},
			"faces": {
				"north": {"uv": [0, 10, 0, 14], "texture": "#0"},
				"south": {"uv": [0, 10, 0, 14], "texture": "#0"},
				"west": {"uv": [0, 10, 0, 14], "texture": "#0"},
				"up": {"uv": [1, 8, 1, 8], "texture": "#0"},
				"down": {"uv": [1, 15, 1, 15], "texture": "#0"}
			}
		},
		{
			"from": [1, 1.7, 0.5],
			"to": [1.5, 13.75, 2.3],
			"rotation": {"angle": 0, "axis": "y", "origin": [16, 8, 8.5]},
			"faces": {
				"north": {"uv": [0, 8, 0, 16], "texture": "#0"},
				"east": {"uv": [0, 8, 0, 16], "texture": "#0"},
				"south": {"uv": [0, 8, 0, 16], "texture": "#0"},
				"west": {"uv": [0, 8, 0, 16], "texture": "#0"},
				"up": {"uv": [2, 8, 2, 8], "texture": "#0"},
				"down": {"uv": [1, 15, 1, 15], "texture": "#0"}
			}
		},
		{
			"from": [-1, 12, 1],
			"to": [1.25, 16, 2],
			"rotation": {"angle": 0, "axis": "y", "origin": [10, 20, 9]},
			"faces": {
				"north": {"uv": [2, 8, 2, 8], "texture": "#0"},
				"south": {"uv": [2, 8, 2, 8], "texture": "#0"},
				"west": {"uv": [2, 8, 2, 8], "texture": "#0"},
				"down": {"uv": [2, 8, 2, 8], "texture": "#0"}
			}
		},
		{
			"from": [14.75, 12, 1],
			"to": [17, 16, 2],
			"rotation": {"angle": 0, "axis": "y", "origin": [6, 20, 9]},
			"faces": {
				"north": {"uv": [2, 8, 2, 8], "texture": "#0"},
				"east": {"uv": [2, 8, 2, 8], "texture": "#0"},
				"south": {"uv": [2, 8, 2, 8], "texture": "#0"},
				"down": {"uv": [2, 8, 2, 8], "texture": "#0"}
			}
		},
		{
			"from": [-1, 13.75, 1],
			"to": [3, 16, 2],
			"rotation": {"angle": 0, "axis": "y", "origin": [10, 20, 9]},
			"faces": {
				"north": {"uv": [2, 8, 2, 8], "texture": "#0"},
				"east": {"uv": [2, 8, 2, 8], "texture": "#0"},
				"south": {"uv": [2, 8, 2, 8], "texture": "#0"},
				"up": {"uv": [2, 8, 2, 8], "texture": "#0"}
			}
		},
		{
			"from": [13, 13.75, 1],
			"to": [17, 16, 2],
			"rotation": {"angle": 0, "axis": "y", "origin": [6, 20, 9]},
			"faces": {
				"north": {"uv": [2, 8, 2, 8], "texture": "#0"},
				"south": {"uv": [2, 8, 2, 8], "texture": "#0"},
				"west": {"uv": [2, 8, 2, 8], "texture": "#0"},
				"up": {"uv": [2, 8, 2, 8], "texture": "#0"}
			}
		}
	],
	"display": {
		"thirdperson_righthand": {
			"rotation": [90.5, 24, 0],
			"translation": [1.75, -1.5, -1],
			"scale": [0.47, 0.47, 0.47]
		},
		"thirdperson_lefthand": {
			"rotation": [90, 23, 0],
			"translation": [1.75, -1.5, -1],
			"scale": [0.47, 0.47, 0.47]
		},
		"firstperson_righthand": {
			"rotation": [0, 117.5, -23],
			"translation": [2, 3.25, 1.5],
			"scale": [0.26, 0.26, 0.26]
		},
		"firstperson_lefthand": {
			"rotation": [0, 117.5, -23],
			"translation": [2, 3.25, 1.5],
			"scale": [0.26, 0.26, 0.26]
		},
		"ground": {
			"rotation": [17.75, 0, 0],
			"scale": [0.34, 0.34, 0.34]
		},
		"gui": {
			"rotation": [177.5, 40.5, 166.75],
			"translation": [0.75, 0, 0],
			"scale": [0.73, 0.73, 0.73]
		},
		"head": {
			"translation": [0, 0.25, 0.25],
			"scale": [1.08, 1.08, 1.08]
		},
		"fixed": {
			"rotation": [-70, 0, 0],
			"translation": [0, 3.25, -5],
			"scale": [1.51, 1.51, 1.51]
		}
	}
}