{
	"credit": "Made with Blockbench",
	"textures": {
		"0": "ttp/i/c/a/ddsunglasses",
		"particle": "ttp/i/c/a/ddsunglasses"
	},
	"elements": [
		{
			"from": [9.3, 0.75, 0],
			"to": [15.3, 6.75, 0.001],
			"rotation": {"angle": 0, "axis": "y", "origin": [1.6, 0.75, 0]},
			"faces": {
				"north": {"uv": [0, 0, 7.5, 7.5], "texture": "#0"},
				"south": {"uv": [7.5, 0, 0, 7.5], "texture": "#0"}
			}
		},
		{
			"from": [9.7, 1.15, 0.025],
			"to": [14.9, 6.35, 0.025],
			"rotation": {"angle": 0, "axis": "y", "origin": [1.6, 0.75, 0]},
			"faces": {
				"north": {"uv": [7.5, 0.5, 14, 7], "texture": "#0"},
				"south": {"uv": [14, 0.5, 7.5, 7], "texture": "#0"}
			}
		},
		{
			"from": [0.7, 0.75, 0],
			"to": [6.7, 6.75, 0.001],
			"rotation": {"angle": 0, "axis": "y", "origin": [14.4, 0.75, 0]},
			"faces": {
				"north": {"uv": [7.5, 0, 0, 7.5], "texture": "#0"},
				"south": {"uv": [0, 0, 7.5, 7.5], "texture": "#0"}
			}
		},
		{
			"from": [1.1, 1.15, 0.025],
			"to": [6.3, 6.35, 0.025],
			"rotation": {"angle": 0, "axis": "y", "origin": [14.4, 0.75, 0]},
			"faces": {
				"north": {"uv": [7.5, 0.5, 14, 7], "texture": "#0"},
				"south": {"uv": [14, 0.5, 7.5, 7], "texture": "#0"}
			}
		},
		{
			"from": [8.7, 4.25, 0],
			"to": [9.3, 4.75, 0.001],
			"faces": {
				"north": {"uv": [3, 0, 3.5, 0.5], "texture": "#0"},
				"south": {"uv": [3, 0, 3.5, 0.5], "texture": "#0"}
			}
		},
		{
			"from": [6.7, 4.25, 0],
			"to": [7.3, 4.75, 0.001],
			"rotation": {"angle": 0, "axis": "y", "origin": [16, 0, 0]},
			"faces": {
				"north": {"uv": [3.5, 0, 3, 0.5], "texture": "#0"},
				"south": {"uv": [3.5, 0, 3, 0.5], "texture": "#0"}
			}
		},
		{
			"from": [7.3, 4.75, 0],
			"to": [8.7, 5.25, 0.001],
			"faces": {
				"north": {"uv": [3, 0, 3.5, 0.5], "texture": "#0"},
				"south": {"uv": [3, 0, 3.5, 0.5], "texture": "#0"}
			}
		},
		{
			"from": [15.3, 4.35, 0],
			"to": [16.5, 4.75, 0.001],
			"faces": {
				"north": {"uv": [2, 15.5, 2.5, 15], "texture": "#0"},
				"south": {"uv": [2, 15.5, 2.5, 15], "texture": "#0"}
			}
		},
		{
			"from": [16.5, 4.35, 0],
			"to": [16.9, 4.75, 6],
			"rotation": {"angle": 0, "axis": "y", "origin": [0, 0.25, 0]},
			"faces": {
				"north": {"uv": [2, 15, 2.5, 15.5], "texture": "#0"},
				"east": {"uv": [0.5, 15, 2.5, 15.5], "texture": "#0"},
				"west": {"uv": [2.5, 15, 0.5, 15.5], "texture": "#0"},
				"up": {"uv": [2, 15.5, 2.5, 13.5], "texture": "#0"},
				"down": {"uv": [2, 13.5, 2.5, 15.5], "texture": "#0"}
			}
		},
		{
			"from": [16.5, 2.7383, 5.59985],
			"to": [16.9, 3.2383, 7.09985],
			"rotation": {"angle": 22.5, "axis": "x", "origin": [16.75, 2.9883, 9.59985]},
			"faces": {
				"north": {"uv": [0.5, 15, 1, 15.5], "texture": "#0"},
				"east": {"uv": [0.5, 15, 1, 15.5], "texture": "#0"},
				"west": {"uv": [0.5, 15, 1, 15.5], "texture": "#0"},
				"up": {"uv": [0.5, 15, 1, 15.5], "texture": "#0"},
				"down": {"uv": [0.5, 15, 1, 15.5], "texture": "#0"}
			}
		},
		{
			"from": [16.5, 2.2383, 7.09985],
			"to": [16.9, 3.2383, 8.59985],
			"rotation": {"angle": 22.5, "axis": "x", "origin": [16.75, 2.9883, 9.59985]},
			"faces": {
				"north": {"uv": [0.5, 15, 1, 15.5], "texture": "#0"},
				"east": {"uv": [0.5, 15, 1, 15.5], "texture": "#0"},
				"south": {"uv": [0.5, 15, 1, 15.5], "texture": "#0"},
				"west": {"uv": [0.5, 15, 1, 15.5], "texture": "#0"},
				"up": {"uv": [0.5, 15, 1, 15.5], "texture": "#0"},
				"down": {"uv": [0.5, 15, 1, 15.5], "texture": "#0"}
			}
		},
		{
			"from": [-0.9, 2.2383, 7.09985],
			"to": [-0.5, 3.2383, 8.59985],
			"rotation": {"angle": 22.5, "axis": "x", "origin": [-0.75, 2.9883, 9.59985]},
			"faces": {
				"north": {"uv": [1, 15, 0.5, 15.5], "texture": "#0"},
				"east": {"uv": [1, 15, 0.5, 15.5], "texture": "#0"},
				"south": {"uv": [1, 15, 0.5, 15.5], "texture": "#0"},
				"west": {"uv": [1, 15, 0.5, 15.5], "texture": "#0"},
				"up": {"uv": [1, 15, 0.5, 15.5], "texture": "#0"},
				"down": {"uv": [1, 15, 0.5, 15.5], "texture": "#0"}
			}
		},
		{
			"from": [-0.9, 2.7383, 5.59985],
			"to": [-0.5, 3.2383, 7.09985],
			"rotation": {"angle": 22.5, "axis": "x", "origin": [-0.75, 2.9883, 9.59985]},
			"faces": {
				"north": {"uv": [1, 15, 0.5, 15.5], "texture": "#0"},
				"east": {"uv": [1, 15, 0.5, 15.5], "texture": "#0"},
				"west": {"uv": [1, 15, 0.5, 15.5], "texture": "#0"},
				"up": {"uv": [1, 15, 0.5, 15.5], "texture": "#0"},
				"down": {"uv": [1, 15, 0.5, 15.5], "texture": "#0"}
			}
		},
		{
			"from": [-0.9, 4.35, 0],
			"to": [-0.5, 4.75, 6],
			"rotation": {"angle": 0, "axis": "y", "origin": [16, 0.25, 0]},
			"faces": {
				"north": {"uv": [2.5, 15, 2, 15.5], "texture": "#0"},
				"east": {"uv": [0.5, 15, 2.5, 15.5], "texture": "#0"},
				"west": {"uv": [2.5, 15, 0.5, 15.5], "texture": "#0"},
				"up": {"uv": [2.5, 15.5, 2, 13.5], "texture": "#0"},
				"down": {"uv": [2.5, 13.5, 2, 15.5], "texture": "#0"}
			}
		},
		{
			"from": [-0.5, 4.35, 0],
			"to": [0.7, 4.75, 0.001],
			"rotation": {"angle": 0, "axis": "y", "origin": [16, 0, 0]},
			"faces": {
				"north": {"uv": [2.5, 15.5, 2, 15], "texture": "#0"},
				"south": {"uv": [2.5, 15.5, 2, 15], "texture": "#0"}
			}
		}
	],
	"display": {
		"thirdperson_righthand": {
			"rotation": [61, 0, 0],
			"translation": [0, -1.5, 1.25],
			"scale": [0.28, 0.28, 0.28]
		},
		"thirdperson_lefthand": {
			"rotation": [61, 0, 0],
			"translation": [0, -1.5, 1.25],
			"scale": [0.28, 0.28, 0.28]
		},
		"firstperson_righthand": {
			"rotation": [0, 127, 0],
			"translation": [2.75, 5.75, -2.75],
			"scale": [0.59, 0.59, 0.59]
		},
		"firstperson_lefthand": {
			"rotation": [0, 127, 0],
			"translation": [2.75, 5.75, -2.75],
			"scale": [0.59, 0.59, 0.59]
		},
		"ground": {
			"rotation": [39, 0, 0],
			"translation": [0, 3.25, 5],
			"scale": [0.74, 0.74, 0.74]
		},
		"gui": {
			"rotation": [159, -44, 136],
			"translation": [-4, 2, 0],
			"scale": [0.85, 0.85, 0.85]
		},
		"head": {
			"translation": [0, 0.25, -0.5],
			"scale": [0.75, 0.8, 0.8]
		},
		"fixed": {
			"rotation": [-90, 0, 0],
			"translation": [0, 0, -7],
			"scale": [1.24, 1.24, 1.24]
		}
	}
}