{
	"credit": "Made with Blockbench",
	"texture_size": [128, 128],
	"textures": {
		"0": "ttp/i/c/flommekkhat",
		"particle": "ttp/i/c/flommekkhat"
	},
	"elements": [
		{
			"from": [-1.5, 0, -11.2],
			"to": [17.9, 0, 14.7],
			"rotation": {"angle": 0, "axis": "y", "origin": [0, 0, -6.3]},
			"faces": {
				"north": {"uv": [0.00625, 0.00625, 2.4375, -0.00625], "texture": "#0"},
				"east": {"uv": [0.00625, 0.00625, 3.24375, -0.00625], "texture": "#0"},
				"south": {"uv": [0.00625, 0.00625, 2.4375, -0.00625], "texture": "#0"},
				"west": {"uv": [0.00625, 0.00625, 3.24375, -0.00625], "texture": "#0"},
				"up": {"uv": [2.4375, 3.24375, 0.00625, 0.00625], "texture": "#0"},
				"down": {"uv": [4.9375, 0.00625, 2.50625, 3.24375], "texture": "#0"}
			}
		},
		{
			"from": [2.9, 0.1, -5.3],
			"to": [13.8, 8.7, 9.2],
			"rotation": {"angle": 0, "axis": "y", "origin": [0, 0, -6.3]},
			"faces": {
				"north": {"uv": [6.88125, 7.63125, 8.24375, 8.6875], "texture": "#0"},
				"east": {"uv": [6.00625, 3.50625, 7.8125, 4.5625], "texture": "#0"},
				"south": {"uv": [7.75625, 0.00625, 9.11875, 1.0625], "texture": "#0"},
				"west": {"uv": [0.00625, 6.50625, 1.8125, 7.5625], "texture": "#0"},
				"up": {"uv": [6.36875, 1.8125, 5.00625, 0.00625], "texture": "#0"},
				"down": {"uv": [6.61875, 4.88125, 5.25625, 6.6875], "texture": "#0"}
			}
		},
		{
			"from": [2.9, 0.1, -6.3],
			"to": [13.8, 3.4, -5.3],
			"rotation": {"angle": 0, "axis": "y", "origin": [0, 0, -6.3]},
			"faces": {
				"north": {"uv": [9.13125, 0.63125, 10.49375, 1.03125], "texture": "#0"},
				"east": {"uv": [1.63125, 7.63125, 1.74375, 8.03125], "texture": "#0"},
				"south": {"uv": [5.00625, 9.13125, 6.36875, 9.53125], "texture": "#0"},
				"west": {"uv": [1.75625, 7.63125, 1.86875, 8.03125], "texture": "#0"},
				"up": {"uv": [8.24375, 8.86875, 6.88125, 8.75625], "texture": "#0"},
				"down": {"uv": [10.61875, 8.13125, 9.25625, 8.24375], "texture": "#0"}
			}
		},
		{
			"from": [2.9, 0.1, -7.2],
			"to": [13.8, 1, -6.2],
			"rotation": {"angle": 0, "axis": "y", "origin": [0, 0, -6.3]},
			"faces": {
				"north": {"uv": [9.25625, 8.25625, 10.61875, 8.36875], "texture": "#0"},
				"east": {"uv": [7.88125, 10.00625, 7.99375, 10.11875], "texture": "#0"},
				"south": {"uv": [9.25625, 8.38125, 10.61875, 8.49375], "texture": "#0"},
				"west": {"uv": [10.13125, 1.50625, 10.24375, 1.61875], "texture": "#0"},
				"up": {"uv": [10.61875, 8.61875, 9.25625, 8.50625], "texture": "#0"},
				"down": {"uv": [10.61875, 8.63125, 9.25625, 8.74375], "texture": "#0"}
			}
		},
		{
			"from": [2.5, -0.1, 9.6],
			"to": [13.8, 1, 10.6],
			"rotation": {"angle": 0, "axis": "y", "origin": [0, 0, -6.3]},
			"faces": {
				"north": {"uv": [9.25625, 5.88125, 10.65625, 5.99375], "texture": "#0"},
				"east": {"uv": [9.38125, 6.88125, 9.49375, 6.99375], "texture": "#0"},
				"south": {"uv": [9.25625, 6.00625, 10.65625, 6.11875], "texture": "#0"},
				"west": {"uv": [6.25625, 10.00625, 6.36875, 10.11875], "texture": "#0"},
				"up": {"uv": [10.65625, 7.99375, 9.25625, 7.88125], "texture": "#0"},
				"down": {"uv": [10.65625, 8.00625, 9.25625, 8.11875], "texture": "#0"}
			}
		},
		{
			"from": [2.9, 3.4, -6.3],
			"to": [3.7, 7.6, -5.3],
			"rotation": {"angle": 0, "axis": "y", "origin": [0, 0, -6.3]},
			"faces": {
				"north": {"uv": [8.25625, 9.38125, 8.34375, 9.90625], "texture": "#0"},
				"east": {"uv": [1.88125, 6.50625, 1.99375, 7.03125], "texture": "#0"},
				"south": {"uv": [8.38125, 9.38125, 8.46875, 9.90625], "texture": "#0"},
				"west": {"uv": [6.50625, 6.75625, 6.61875, 7.28125], "texture": "#0"},
				"up": {"uv": [10.34375, 8.86875, 10.25625, 8.75625], "texture": "#0"},
				"down": {"uv": [7.96875, 10.38125, 7.88125, 10.49375], "texture": "#0"}
			}
		},
		{
			"from": [5.1, 2.9, -5.1],
			"to": [5.9, 4.9, -4.6],
			"rotation": {"angle": -22.5, "axis": "x", "origin": [0, 0, -6.3]},
			"faces": {
				"north": {"uv": [8.25625, 10.25625, 8.34375, 10.49375], "texture": "#0"},
				"east": {"uv": [1.63125, 10.38125, 1.6875, 10.61875], "texture": "#0"},
				"south": {"uv": [8.38125, 10.25625, 8.46875, 10.49375], "texture": "#0"},
				"west": {"uv": [1.75625, 10.38125, 1.8125, 10.61875], "texture": "#0"},
				"up": {"uv": [6.09375, 10.5625, 6.00625, 10.50625], "texture": "#0"},
				"down": {"uv": [6.21875, 10.50625, 6.13125, 10.5625], "texture": "#0"}
			}
		},
		{
			"from": [10.7, 2.9, -5.1],
			"to": [11.5, 4.9, -4.6],
			"rotation": {"angle": -22.5, "axis": "x", "origin": [0, 0, -6.3]},
			"faces": {
				"north": {"uv": [8.50625, 10.25625, 8.59375, 10.49375], "texture": "#0"},
				"east": {"uv": [1.88125, 10.38125, 1.9375, 10.61875], "texture": "#0"},
				"south": {"uv": [8.63125, 10.25625, 8.71875, 10.49375], "texture": "#0"},
				"west": {"uv": [10.38125, 2.63125, 10.4375, 2.86875], "texture": "#0"},
				"up": {"uv": [10.59375, 6.1875, 10.50625, 6.13125], "texture": "#0"},
				"down": {"uv": [10.59375, 6.25625, 10.50625, 6.3125], "texture": "#0"}
			}
		},
		{
			"from": [11.7, 8.5, -4],
			"to": [12.2, 10.5, -3.2],
			"rotation": {"angle": -22.5, "axis": "z", "origin": [0, 0, -6.3]},
			"faces": {
				"north": {"uv": [10.38125, 2.88125, 10.4375, 3.11875], "texture": "#0"},
				"east": {"uv": [8.75625, 10.25625, 8.84375, 10.49375], "texture": "#0"},
				"south": {"uv": [10.38125, 3.13125, 10.4375, 3.36875], "texture": "#0"},
				"west": {"uv": [8.88125, 10.25625, 8.96875, 10.49375], "texture": "#0"},
				"up": {"uv": [10.5625, 6.46875, 10.50625, 6.38125], "texture": "#0"},
				"down": {"uv": [6.5625, 10.50625, 6.50625, 10.59375], "texture": "#0"}
			}
		},
		{
			"from": [3.2, 2, -3.7],
			"to": [3.7, 4, -2.9],
			"rotation": {"angle": 22.5, "axis": "z", "origin": [0, 0, -6.3]},
			"faces": {
				"north": {"uv": [10.38125, 4.38125, 10.4375, 4.61875], "texture": "#0"},
				"east": {"uv": [9.50625, 10.25625, 9.59375, 10.49375], "texture": "#0"},
				"south": {"uv": [10.38125, 4.63125, 10.4375, 4.86875], "texture": "#0"},
				"west": {"uv": [9.63125, 10.25625, 9.71875, 10.49375], "texture": "#0"},
				"up": {"uv": [6.9375, 10.59375, 6.88125, 10.50625], "texture": "#0"},
				"down": {"uv": [10.5625, 6.88125, 10.50625, 6.96875], "texture": "#0"}
			}
		},
		{
			"from": [3.2, 2, 1.6],
			"to": [3.7, 4, 2.4],
			"rotation": {"angle": 22.5, "axis": "z", "origin": [0, 0, -6.3]},
			"faces": {
				"north": {"uv": [10.38125, 4.88125, 10.4375, 5.11875], "texture": "#0"},
				"east": {"uv": [10.25625, 9.88125, 10.34375, 10.11875], "texture": "#0"},
				"south": {"uv": [6.25625, 10.38125, 6.3125, 10.61875], "texture": "#0"},
				"west": {"uv": [10.25625, 10.13125, 10.34375, 10.36875], "texture": "#0"},
				"up": {"uv": [7.0625, 10.59375, 7.00625, 10.50625], "texture": "#0"},
				"down": {"uv": [10.5625, 7.00625, 10.50625, 7.09375], "texture": "#0"}
			}
		},
		{
			"from": [3.2, 2, 7.3],
			"to": [3.7, 4, 8.1],
			"rotation": {"angle": 22.5, "axis": "z", "origin": [0, 0, -6.3]},
			"faces": {
				"north": {"uv": [6.38125, 10.38125, 6.4375, 10.61875], "texture": "#0"},
				"east": {"uv": [10.38125, 0.00625, 10.46875, 0.24375], "texture": "#0"},
				"south": {"uv": [10.38125, 7.25625, 10.4375, 7.49375], "texture": "#0"},
				"west": {"uv": [10.38125, 0.25625, 10.46875, 0.49375], "texture": "#0"},
				"up": {"uv": [7.1875, 10.59375, 7.13125, 10.50625], "texture": "#0"},
				"down": {"uv": [7.3125, 10.50625, 7.25625, 10.59375], "texture": "#0"}
			}
		},
		{
			"from": [11.7, 8.5, 1.6],
			"to": [12.2, 10.5, 2.4],
			"rotation": {"angle": -22.5, "axis": "z", "origin": [0, 0, -6.3]},
			"faces": {
				"north": {"uv": [10.38125, 3.38125, 10.4375, 3.61875], "texture": "#0"},
				"east": {"uv": [9.00625, 10.25625, 9.09375, 10.49375], "texture": "#0"},
				"south": {"uv": [10.38125, 3.63125, 10.4375, 3.86875], "texture": "#0"},
				"west": {"uv": [9.13125, 10.25625, 9.21875, 10.49375], "texture": "#0"},
				"up": {"uv": [10.5625, 6.59375, 10.50625, 6.50625], "texture": "#0"},
				"down": {"uv": [6.6875, 10.50625, 6.63125, 10.59375], "texture": "#0"}
			}
		},
		{
			"from": [11.7, 8.5, 7.3],
			"to": [12.2, 10.5, 8.1],
			"rotation": {"angle": -22.5, "axis": "z", "origin": [0, 0, -6.3]},
			"faces": {
				"north": {"uv": [10.38125, 3.88125, 10.4375, 4.11875], "texture": "#0"},
				"east": {"uv": [9.25625, 10.25625, 9.34375, 10.49375], "texture": "#0"},
				"south": {"uv": [10.38125, 4.13125, 10.4375, 4.36875], "texture": "#0"},
				"west": {"uv": [9.38125, 10.25625, 9.46875, 10.49375], "texture": "#0"},
				"up": {"uv": [10.5625, 6.71875, 10.50625, 6.63125], "texture": "#0"},
				"down": {"uv": [10.5625, 6.75625, 10.50625, 6.84375], "texture": "#0"}
			}
		},
		{
			"from": [2.1, 3.4, -1.4],
			"to": [2.9, 7.6, -0.4],
			"rotation": {"angle": 0, "axis": "y", "origin": [0, 0, -6.3]},
			"faces": {
				"north": {"uv": [9.00625, 9.38125, 9.09375, 9.90625], "texture": "#0"},
				"east": {"uv": [7.00625, 9.38125, 7.11875, 9.90625], "texture": "#0"},
				"south": {"uv": [9.13125, 9.38125, 9.21875, 9.90625], "texture": "#0"},
				"west": {"uv": [7.13125, 9.38125, 7.24375, 9.90625], "texture": "#0"},
				"up": {"uv": [9.84375, 10.49375, 9.75625, 10.38125], "texture": "#0"},
				"down": {"uv": [10.46875, 9.75625, 10.38125, 9.86875], "texture": "#0"}
			}
		},
		{
			"from": [2.1, 3.4, 4.6],
			"to": [2.9, 7.6, 5.6],
			"rotation": {"angle": 0, "axis": "y", "origin": [0, 0, -6.3]},
			"faces": {
				"north": {"uv": [9.25625, 9.38125, 9.34375, 9.90625], "texture": "#0"},
				"east": {"uv": [7.25625, 9.38125, 7.36875, 9.90625], "texture": "#0"},
				"south": {"uv": [9.38125, 9.38125, 9.46875, 9.90625], "texture": "#0"},
				"west": {"uv": [7.38125, 9.38125, 7.49375, 9.90625], "texture": "#0"},
				"up": {"uv": [9.96875, 10.49375, 9.88125, 10.38125], "texture": "#0"},
				"down": {"uv": [10.46875, 9.88125, 10.38125, 9.99375], "texture": "#0"}
			}
		},
		{
			"from": [4.5, 3.4, 8.8],
			"to": [5.3, 5.4, 9.8],
			"rotation": {"angle": 0, "axis": "y", "origin": [0, 0, -6.3]},
			"faces": {
				"north": {"uv": [2.75625, 10.00625, 2.84375, 10.24375], "texture": "#0"},
				"east": {"uv": [6.38125, 4.63125, 6.49375, 4.86875], "texture": "#0"},
				"south": {"uv": [9.50625, 10.00625, 9.59375, 10.24375], "texture": "#0"},
				"west": {"uv": [6.50625, 4.63125, 6.61875, 4.86875], "texture": "#0"},
				"up": {"uv": [10.59375, 0.36875, 10.50625, 0.25625], "texture": "#0"},
				"down": {"uv": [0.46875, 10.50625, 0.38125, 10.61875], "texture": "#0"}
			}
		},
		{
			"from": [6.4, 3.4, 8.8],
			"to": [6.9, 4.2, 9.8],
			"rotation": {"angle": 0, "axis": "y", "origin": [0, 0, -6.3]},
			"faces": {
				"north": {"uv": [10.50625, 7.25625, 10.5625, 7.34375], "texture": "#0"},
				"east": {"uv": [4.13125, 10.50625, 4.24375, 10.59375], "texture": "#0"},
				"south": {"uv": [7.38125, 10.50625, 7.4375, 10.59375], "texture": "#0"},
				"west": {"uv": [10.50625, 4.13125, 10.61875, 4.21875], "texture": "#0"},
				"up": {"uv": [5.5625, 10.61875, 5.50625, 10.50625], "texture": "#0"},
				"down": {"uv": [5.6875, 10.50625, 5.63125, 10.61875], "texture": "#0"}
			}
		},
		{
			"from": [10.4, 3.4, 8.8],
			"to": [10.9, 4.2, 9.8],
			"rotation": {"angle": 0, "axis": "y", "origin": [0, 0, -6.3]},
			"faces": {
				"north": {"uv": [10.50625, 7.38125, 10.5625, 7.46875], "texture": "#0"},
				"east": {"uv": [4.25625, 10.50625, 4.36875, 10.59375], "texture": "#0"},
				"south": {"uv": [7.50625, 10.50625, 7.5625, 10.59375], "texture": "#0"},
				"west": {"uv": [10.50625, 4.25625, 10.61875, 4.34375], "texture": "#0"},
				"up": {"uv": [5.8125, 10.61875, 5.75625, 10.50625], "texture": "#0"},
				"down": {"uv": [5.9375, 10.50625, 5.88125, 10.61875], "texture": "#0"}
			}
		},
		{
			"from": [8.3, 3.4, 8.8],
			"to": [9.1, 5.4, 9.8],
			"rotation": {"angle": 0, "axis": "y", "origin": [0, 0, -6.3]},
			"faces": {
				"north": {"uv": [8.13125, 10.13125, 8.21875, 10.36875], "texture": "#0"},
				"east": {"uv": [7.25625, 1.63125, 7.36875, 1.86875], "texture": "#0"},
				"south": {"uv": [2.75625, 10.25625, 2.84375, 10.49375], "texture": "#0"},
				"west": {"uv": [6.50625, 7.38125, 6.61875, 7.61875], "texture": "#0"},
				"up": {"uv": [10.59375, 0.49375, 10.50625, 0.38125], "texture": "#0"},
				"down": {"uv": [10.59375, 0.50625, 10.50625, 0.61875], "texture": "#0"}
			}
		},
		{
			"from": [11.7, 3.4, 8.8],
			"to": [12.5, 5.4, 9.8],
			"rotation": {"angle": 0, "axis": "y", "origin": [0, 0, -6.3]},
			"faces": {
				"north": {"uv": [7.63125, 10.25625, 7.71875, 10.49375], "texture": "#0"},
				"east": {"uv": [3.50625, 8.13125, 3.61875, 8.36875], "texture": "#0"},
				"south": {"uv": [7.75625, 10.25625, 7.84375, 10.49375], "texture": "#0"},
				"west": {"uv": [3.63125, 8.13125, 3.74375, 8.36875], "texture": "#0"},
				"up": {"uv": [10.59375, 0.74375, 10.50625, 0.63125], "texture": "#0"},
				"down": {"uv": [0.84375, 10.50625, 0.75625, 10.61875], "texture": "#0"}
			}
		},
		{
			"from": [12.9, 3.4, -6.3],
			"to": [13.7, 7.6, -5.3],
			"rotation": {"angle": 0, "axis": "y", "origin": [0, 0, -6.3]},
			"faces": {
				"north": {"uv": [8.50625, 9.38125, 8.59375, 9.90625], "texture": "#0"},
				"east": {"uv": [1.88125, 7.13125, 1.99375, 7.65625], "texture": "#0"},
				"south": {"uv": [8.63125, 9.38125, 8.71875, 9.90625], "texture": "#0"},
				"west": {"uv": [4.75625, 9.38125, 4.86875, 9.90625], "texture": "#0"},
				"up": {"uv": [10.46875, 8.86875, 10.38125, 8.75625], "texture": "#0"},
				"down": {"uv": [10.46875, 8.88125, 10.38125, 8.99375], "texture": "#0"}
			}
		},
		{
			"from": [13.9, 3.4, -1.5],
			"to": [14.7, 7.6, -0.5],
			"rotation": {"angle": 0, "axis": "y", "origin": [0, 0, -6.3]},
			"faces": {
				"north": {"uv": [9.50625, 6.88125, 9.59375, 7.40625], "texture": "#0"},
				"east": {"uv": [7.50625, 9.38125, 7.61875, 9.90625], "texture": "#0"},
				"south": {"uv": [9.50625, 9.38125, 9.59375, 9.90625], "texture": "#0"},
				"west": {"uv": [7.63125, 9.38125, 7.74375, 9.90625], "texture": "#0"},
				"up": {"uv": [10.34375, 10.49375, 10.25625, 10.38125], "texture": "#0"},
				"down": {"uv": [10.46875, 10.25625, 10.38125, 10.36875], "texture": "#0"}
			}
		},
		{
			"from": [13.9, 3.4, 4.4],
			"to": [14.7, 7.6, 5.4],
			"rotation": {"angle": 0, "axis": "y", "origin": [0, 0, -6.3]},
			"faces": {
				"north": {"uv": [0.00625, 9.63125, 0.09375, 10.15625], "texture": "#0"},
				"east": {"uv": [7.75625, 9.38125, 7.86875, 9.90625], "texture": "#0"},
				"south": {"uv": [0.13125, 9.63125, 0.21875, 10.15625], "texture": "#0"},
				"west": {"uv": [7.88125, 9.38125, 7.99375, 9.90625], "texture": "#0"},
				"up": {"uv": [10.46875, 10.49375, 10.38125, 10.38125], "texture": "#0"},
				"down": {"uv": [0.09375, 10.50625, 0.00625, 10.61875], "texture": "#0"}
			}
		},
		{
			"from": [7.9, 3.4, -6.3],
			"to": [8.7, 7.6, -5.3],
			"rotation": {"angle": 0, "axis": "y", "origin": [0, 0, -6.3]},
			"faces": {
				"north": {"uv": [8.75625, 9.38125, 8.84375, 9.90625], "texture": "#0"},
				"east": {"uv": [4.88125, 9.38125, 4.99375, 9.90625], "texture": "#0"},
				"south": {"uv": [8.88125, 9.38125, 8.96875, 9.90625], "texture": "#0"},
				"west": {"uv": [6.88125, 9.38125, 6.99375, 9.90625], "texture": "#0"},
				"up": {"uv": [10.46875, 9.36875, 10.38125, 9.25625], "texture": "#0"},
				"down": {"uv": [10.46875, 9.38125, 10.38125, 9.49375], "texture": "#0"}
			}
		},
		{
			"from": [6.7, 7.5, -6.2],
			"to": [9.9, 7.9, -5.7],
			"rotation": {"angle": 0, "axis": "y", "origin": [0, 0, -6.3]},
			"faces": {
				"north": {"uv": [9.25625, 8.75625, 9.65625, 8.8125], "texture": "#0"},
				"east": {"uv": [10.50625, 8.88125, 10.5625, 8.9375], "texture": "#0"},
				"south": {"uv": [9.63125, 1.50625, 10.03125, 1.5625], "texture": "#0"},
				"west": {"uv": [9.00625, 10.50625, 9.0625, 10.5625], "texture": "#0"},
				"up": {"uv": [10.03125, 7.3125, 9.63125, 7.25625], "texture": "#0"},
				"down": {"uv": [10.03125, 7.38125, 9.63125, 7.4375], "texture": "#0"}
			}
		},
		{
			"from": [2, 7.5, -2.5],
			"to": [2.5, 7.9, 0.7],
			"rotation": {"angle": 0, "axis": "y", "origin": [0, 0, -6.3]},
			"faces": {
				"north": {"uv": [10.50625, 9.00625, 10.5625, 9.0625], "texture": "#0"},
				"east": {"uv": [9.75625, 6.88125, 10.15625, 6.9375], "texture": "#0"},
				"south": {"uv": [9.13125, 10.50625, 9.1875, 10.5625], "texture": "#0"},
				"west": {"uv": [9.75625, 7.00625, 10.15625, 7.0625], "texture": "#0"},
				"up": {"uv": [6.5625, 10.15625, 6.50625, 9.75625], "texture": "#0"},
				"down": {"uv": [6.6875, 9.75625, 6.63125, 10.15625], "texture": "#0"}
			}
		},
		{
			"from": [2, 7.5, 3.4],
			"to": [2.5, 7.9, 6.6],
			"rotation": {"angle": 0, "axis": "y", "origin": [0, 0, -6.3]},
			"faces": {
				"north": {"uv": [10.50625, 9.13125, 10.5625, 9.1875], "texture": "#0"},
				"east": {"uv": [9.75625, 7.13125, 10.15625, 7.1875], "texture": "#0"},
				"south": {"uv": [9.25625, 10.50625, 9.3125, 10.5625], "texture": "#0"},
				"west": {"uv": [9.75625, 7.50625, 10.15625, 7.5625], "texture": "#0"},
				"up": {"uv": [9.8125, 9.78125, 9.75625, 9.38125], "texture": "#0"},
				"down": {"uv": [9.6875, 9.75625, 9.63125, 10.15625], "texture": "#0"}
			}
		},
		{
			"from": [14.2, 7.5, 3.4],
			"to": [14.7, 7.9, 6.6],
			"rotation": {"angle": 0, "axis": "y", "origin": [0, 0, -6.3]},
			"faces": {
				"north": {"uv": [10.50625, 9.25625, 10.5625, 9.3125], "texture": "#0"},
				"east": {"uv": [9.75625, 7.63125, 10.15625, 7.6875], "texture": "#0"},
				"south": {"uv": [9.38125, 10.50625, 9.4375, 10.5625], "texture": "#0"},
				"west": {"uv": [9.75625, 7.75625, 10.15625, 7.8125], "texture": "#0"},
				"up": {"uv": [0.5625, 10.28125, 0.50625, 9.88125], "texture": "#0"},
				"down": {"uv": [0.6875, 9.88125, 0.63125, 10.28125], "texture": "#0"}
			}
		},
		{
			"from": [14.2, 7.5, -2.7],
			"to": [14.7, 7.9, 0.5],
			"rotation": {"angle": 0, "axis": "y", "origin": [0, 0, -6.3]},
			"faces": {
				"north": {"uv": [10.50625, 9.38125, 10.5625, 9.4375], "texture": "#0"},
				"east": {"uv": [9.75625, 8.75625, 10.15625, 8.8125], "texture": "#0"},
				"south": {"uv": [9.50625, 10.50625, 9.5625, 10.5625], "texture": "#0"},
				"west": {"uv": [0.75625, 9.88125, 1.15625, 9.9375], "texture": "#0"},
				"up": {"uv": [9.9375, 2.03125, 9.88125, 1.63125], "texture": "#0"},
				"down": {"uv": [9.9375, 2.13125, 9.88125, 2.53125], "texture": "#0"}
			}
		},
		{
			"from": [8.4, 7.5, -15.7],
			"to": [11.6, 7.9, -15.2],
			"rotation": {"angle": -45, "axis": "y", "origin": [0, 0, -6.3]},
			"faces": {
				"north": {"uv": [9.88125, 1.13125, 10.28125, 1.1875], "texture": "#0"},
				"east": {"uv": [10.50625, 9.50625, 10.5625, 9.5625], "texture": "#0"},
				"south": {"uv": [9.88125, 1.25625, 10.28125, 1.3125], "texture": "#0"},
				"west": {"uv": [9.63125, 10.50625, 9.6875, 10.5625], "texture": "#0"},
				"up": {"uv": [10.28125, 1.4375, 9.88125, 1.38125], "texture": "#0"},
				"down": {"uv": [10.28125, 2.63125, 9.88125, 2.6875], "texture": "#0"}
			}
		},
		{
			"from": [0.2, 7.4, -3.8],
			"to": [3.4, 7.8, -3.3],
			"rotation": {"angle": 45, "axis": "y", "origin": [0, 0, -6.3]},
			"faces": {
				"north": {"uv": [9.88125, 2.75625, 10.28125, 2.8125], "texture": "#0"},
				"east": {"uv": [10.50625, 9.63125, 10.5625, 9.6875], "texture": "#0"},
				"south": {"uv": [9.88125, 2.88125, 10.28125, 2.9375], "texture": "#0"},
				"west": {"uv": [9.75625, 10.50625, 9.8125, 10.5625], "texture": "#0"},
				"up": {"uv": [10.28125, 3.0625, 9.88125, 3.00625], "texture": "#0"},
				"down": {"uv": [10.28125, 3.13125, 9.88125, 3.1875], "texture": "#0"}
			}
		},
		{
			"from": [7.9, 6.6, -3.5],
			"to": [8.7, 8.8, -2.5],
			"rotation": {"angle": -22.5, "axis": "x", "origin": [0, 0, -6.3]},
			"faces": {
				"north": {"uv": [6.13125, 9.63125, 6.21875, 9.90625], "texture": "#0"},
				"east": {"uv": [2.25625, 9.63125, 2.36875, 9.90625], "texture": "#0"},
				"south": {"uv": [6.25625, 9.63125, 6.34375, 9.90625], "texture": "#0"},
				"west": {"uv": [2.38125, 9.63125, 2.49375, 9.90625], "texture": "#0"},
				"up": {"uv": [10.46875, 9.61875, 10.38125, 9.50625], "texture": "#0"},
				"down": {"uv": [10.46875, 9.63125, 10.38125, 9.74375], "texture": "#0"}
			}
		},
		{
			"from": [9.1, 11.8, -6.3],
			"to": [9.9, 14, -5.3],
			"rotation": {"angle": -22.5, "axis": "z", "origin": [0, 0, -6.3]},
			"faces": {
				"north": {"uv": [5.88125, 9.63125, 5.96875, 9.90625], "texture": "#0"},
				"east": {"uv": [2.00625, 9.63125, 2.11875, 9.90625], "texture": "#0"},
				"south": {"uv": [6.00625, 9.63125, 6.09375, 9.90625], "texture": "#0"},
				"west": {"uv": [2.13125, 9.63125, 2.24375, 9.90625], "texture": "#0"},
				"up": {"uv": [10.46875, 9.11875, 10.38125, 9.00625], "texture": "#0"},
				"down": {"uv": [10.46875, 9.13125, 10.38125, 9.24375], "texture": "#0"}
			}
		},
		{
			"from": [3.2, 16.1, -6.1],
			"to": [3.7, 17.5, -5.5],
			"rotation": {"angle": -45, "axis": "z", "origin": [0, 0, -6.3]},
			"faces": {
				"north": {"uv": [10.50625, 0.75625, 10.5625, 0.9375], "texture": "#0"},
				"east": {"uv": [0.88125, 10.50625, 0.9375, 10.6875], "texture": "#0"},
				"south": {"uv": [1.00625, 10.50625, 1.0625, 10.6875], "texture": "#0"},
				"west": {"uv": [10.50625, 1.00625, 10.5625, 1.1875], "texture": "#0"},
				"up": {"uv": [10.5625, 7.5625, 10.50625, 7.50625], "texture": "#0"},
				"down": {"uv": [7.6875, 10.50625, 7.63125, 10.5625], "texture": "#0"}
			}
		},
		{
			"from": [3.9, 17.1, -1.3],
			"to": [4.4, 18.5, -0.7],
			"rotation": {"angle": -45, "axis": "z", "origin": [0, 0, -6.3]},
			"faces": {
				"north": {"uv": [1.13125, 10.50625, 1.1875, 10.6875], "texture": "#0"},
				"east": {"uv": [1.25625, 10.50625, 1.3125, 10.6875], "texture": "#0"},
				"south": {"uv": [10.50625, 1.25625, 10.5625, 1.4375], "texture": "#0"},
				"west": {"uv": [1.38125, 10.50625, 1.4375, 10.6875], "texture": "#0"},
				"up": {"uv": [10.5625, 7.6875, 10.50625, 7.63125], "texture": "#0"},
				"down": {"uv": [7.8125, 10.50625, 7.75625, 10.5625], "texture": "#0"}
			}
		},
		{
			"from": [8, 6.5, -0.1],
			"to": [8.5, 7.9, 0.5],
			"rotation": {"angle": -45, "axis": "x", "origin": [0, 0, -6.3]},
			"faces": {
				"north": {"uv": [2.13125, 10.50625, 2.1875, 10.6875], "texture": "#0"},
				"east": {"uv": [2.25625, 10.50625, 2.3125, 10.6875], "texture": "#0"},
				"south": {"uv": [10.50625, 2.25625, 10.5625, 2.4375], "texture": "#0"},
				"west": {"uv": [2.38125, 10.50625, 2.4375, 10.6875], "texture": "#0"},
				"up": {"uv": [8.1875, 10.5625, 8.13125, 10.50625], "texture": "#0"},
				"down": {"uv": [8.3125, 10.50625, 8.25625, 10.5625], "texture": "#0"}
			}
		},
		{
			"from": [8, 4.7, -6],
			"to": [8.5, 6.1, -5.4],
			"rotation": {"angle": 45, "axis": "z", "origin": [0, 0, -6.3]},
			"faces": {
				"north": {"uv": [2.50625, 10.50625, 2.5625, 10.6875], "texture": "#0"},
				"east": {"uv": [2.63125, 10.50625, 2.6875, 10.6875], "texture": "#0"},
				"south": {"uv": [10.50625, 2.63125, 10.5625, 2.8125], "texture": "#0"},
				"west": {"uv": [2.75625, 10.50625, 2.8125, 10.6875], "texture": "#0"},
				"up": {"uv": [8.4375, 10.5625, 8.38125, 10.50625], "texture": "#0"},
				"down": {"uv": [8.5625, 10.50625, 8.50625, 10.5625], "texture": "#0"}
			}
		},
		{
			"from": [7.4, 5.3, -1.2],
			"to": [7.9, 6.7, -0.6],
			"rotation": {"angle": 45, "axis": "z", "origin": [0, 0, -6.3]},
			"faces": {
				"north": {"uv": [10.50625, 2.88125, 10.5625, 3.0625], "texture": "#0"},
				"east": {"uv": [10.50625, 3.13125, 10.5625, 3.3125], "texture": "#0"},
				"south": {"uv": [10.50625, 3.38125, 10.5625, 3.5625], "texture": "#0"},
				"west": {"uv": [10.50625, 3.63125, 10.5625, 3.8125], "texture": "#0"},
				"up": {"uv": [8.6875, 10.5625, 8.63125, 10.50625], "texture": "#0"},
				"down": {"uv": [8.8125, 10.50625, 8.75625, 10.5625], "texture": "#0"}
			}
		},
		{
			"from": [7.4, 5.3, 4.8],
			"to": [7.9, 6.7, 5.4],
			"rotation": {"angle": 45, "axis": "z", "origin": [0, 0, -6.3]},
			"faces": {
				"north": {"uv": [3.75625, 10.50625, 3.8125, 10.6875], "texture": "#0"},
				"east": {"uv": [3.88125, 10.50625, 3.9375, 10.6875], "texture": "#0"},
				"south": {"uv": [10.50625, 3.88125, 10.5625, 4.0625], "texture": "#0"},
				"west": {"uv": [4.00625, 10.50625, 4.0625, 10.6875], "texture": "#0"},
				"up": {"uv": [10.5625, 8.8125, 10.50625, 8.75625], "texture": "#0"},
				"down": {"uv": [8.9375, 10.50625, 8.88125, 10.5625], "texture": "#0"}
			}
		},
		{
			"from": [3.9, 17.1, 4.6],
			"to": [4.4, 18.5, 5.2],
			"rotation": {"angle": -45, "axis": "z", "origin": [0, 0, -6.3]},
			"faces": {
				"north": {"uv": [10.50625, 1.50625, 10.5625, 1.6875], "texture": "#0"},
				"east": {"uv": [10.50625, 1.75625, 10.5625, 1.9375], "texture": "#0"},
				"south": {"uv": [2.00625, 10.50625, 2.0625, 10.6875], "texture": "#0"},
				"west": {"uv": [10.50625, 2.00625, 10.5625, 2.1875], "texture": "#0"},
				"up": {"uv": [7.9375, 10.5625, 7.88125, 10.50625], "texture": "#0"},
				"down": {"uv": [8.0625, 10.50625, 8.00625, 10.5625], "texture": "#0"}
			}
		},
		{
			"from": [10, 12.2, -1.5],
			"to": [10.8, 14.4, -0.5],
			"rotation": {"angle": -22.5, "axis": "z", "origin": [0, 0, -6.3]},
			"faces": {
				"north": {"uv": [9.63125, 6.88125, 9.71875, 7.15625], "texture": "#0"},
				"east": {"uv": [2.50625, 9.63125, 2.61875, 9.90625], "texture": "#0"},
				"south": {"uv": [9.63125, 9.38125, 9.71875, 9.65625], "texture": "#0"},
				"west": {"uv": [2.63125, 9.63125, 2.74375, 9.90625], "texture": "#0"},
				"up": {"uv": [10.59375, 0.11875, 10.50625, 0.00625], "texture": "#0"},
				"down": {"uv": [0.21875, 10.50625, 0.13125, 10.61875], "texture": "#0"}
			}
		},
		{
			"from": [10, 12.2, 4.4],
			"to": [10.8, 14.4, 5.4],
			"rotation": {"angle": -22.5, "axis": "z", "origin": [0, 0, -6.3]},
			"faces": {
				"north": {"uv": [9.75625, 1.13125, 9.84375, 1.40625], "texture": "#0"},
				"east": {"uv": [2.75625, 9.63125, 2.86875, 9.90625], "texture": "#0"},
				"south": {"uv": [6.38125, 9.75625, 6.46875, 10.03125], "texture": "#0"},
				"west": {"uv": [5.00625, 9.63125, 5.11875, 9.90625], "texture": "#0"},
				"up": {"uv": [10.59375, 0.24375, 10.50625, 0.13125], "texture": "#0"},
				"down": {"uv": [0.34375, 10.50625, 0.25625, 10.61875], "texture": "#0"}
			}
		},
		{
			"from": [5.4, 5.3, -6.3],
			"to": [6.2, 7.7, -5.3],
			"rotation": {"angle": 22.5, "axis": "z", "origin": [0, 0, -6.3]},
			"faces": {
				"north": {"uv": [5.13125, 9.63125, 5.21875, 9.9375], "texture": "#0"},
				"east": {"uv": [5.88125, 2.88125, 5.99375, 3.1875], "texture": "#0"},
				"south": {"uv": [5.25625, 9.63125, 5.34375, 9.9375], "texture": "#0"},
				"west": {"uv": [1.88125, 7.75625, 1.99375, 8.0625], "texture": "#0"},
				"up": {"uv": [8.09375, 10.49375, 8.00625, 10.38125], "texture": "#0"},
				"down": {"uv": [8.21875, 10.38125, 8.13125, 10.49375], "texture": "#0"}
			}
		},
		{
			"from": [4.7, 5.5, -1.4],
			"to": [5.5, 7.9, -0.4],
			"rotation": {"angle": 22.5, "axis": "z", "origin": [0, 0, -6.3]},
			"faces": {
				"north": {"uv": [5.38125, 9.63125, 5.46875, 9.9375], "texture": "#0"},
				"east": {"uv": [1.50625, 8.63125, 1.61875, 8.9375], "texture": "#0"},
				"south": {"uv": [5.50625, 9.63125, 5.59375, 9.9375], "texture": "#0"},
				"west": {"uv": [9.63125, 1.13125, 9.74375, 1.4375], "texture": "#0"},
				"up": {"uv": [10.09375, 10.49375, 10.00625, 10.38125], "texture": "#0"},
				"down": {"uv": [10.46875, 10.00625, 10.38125, 10.11875], "texture": "#0"}
			}
		},
		{
			"from": [4.7, 5.5, 4.6],
			"to": [5.5, 7.9, 5.6],
			"rotation": {"angle": 22.5, "axis": "z", "origin": [0, 0, -6.3]},
			"faces": {
				"north": {"uv": [5.63125, 9.63125, 5.71875, 9.9375], "texture": "#0"},
				"east": {"uv": [1.25625, 9.63125, 1.36875, 9.9375], "texture": "#0"},
				"south": {"uv": [5.75625, 9.63125, 5.84375, 9.9375], "texture": "#0"},
				"west": {"uv": [1.38125, 9.63125, 1.49375, 9.9375], "texture": "#0"},
				"up": {"uv": [10.21875, 10.49375, 10.13125, 10.38125], "texture": "#0"},
				"down": {"uv": [10.46875, 10.13125, 10.38125, 10.24375], "texture": "#0"}
			}
		},
		{
			"from": [2.1, 0.1, -5.4],
			"to": [2.9, 3.4, 8.9],
			"rotation": {"angle": 0, "axis": "y", "origin": [0, 0, -6.3]},
			"faces": {
				"north": {"uv": [1.50625, 9.63125, 1.59375, 10.03125], "texture": "#0"},
				"east": {"uv": [7.75625, 1.13125, 9.53125, 1.53125], "texture": "#0"},
				"south": {"uv": [1.63125, 9.63125, 1.71875, 10.03125], "texture": "#0"},
				"west": {"uv": [3.13125, 8.38125, 4.90625, 8.78125], "texture": "#0"},
				"up": {"uv": [2.96875, 10.78125, 2.88125, 9.00625], "texture": "#0"},
				"down": {"uv": [3.09375, 9.00625, 3.00625, 10.78125], "texture": "#0"}
			}
		},
		{
			"from": [1.4, 0.1, -5.4],
			"to": [2.2, 1, 8.9],
			"rotation": {"angle": 0, "axis": "y", "origin": [0, 0, -6.3]},
			"faces": {
				"north": {"uv": [4.38125, 10.50625, 4.46875, 10.61875], "texture": "#0"},
				"east": {"uv": [9.25625, 5.13125, 11.03125, 5.24375], "texture": "#0"},
				"south": {"uv": [10.50625, 4.38125, 10.59375, 4.49375], "texture": "#0"},
				"west": {"uv": [9.25625, 5.25625, 11.03125, 5.36875], "texture": "#0"},
				"up": {"uv": [3.34375, 11.15625, 3.25625, 9.38125], "texture": "#0"},
				"down": {"uv": [3.46875, 9.38125, 3.38125, 11.15625], "texture": "#0"}
			}
		},
		{
			"from": [14.5, 0.1, -5.4],
			"to": [15.3, 1, 8.9],
			"rotation": {"angle": 0, "axis": "y", "origin": [0, 0, -6.3]},
			"faces": {
				"north": {"uv": [4.50625, 10.50625, 4.59375, 10.61875], "texture": "#0"},
				"east": {"uv": [9.25625, 5.38125, 11.03125, 5.49375], "texture": "#0"},
				"south": {"uv": [10.50625, 4.50625, 10.59375, 4.61875], "texture": "#0"},
				"west": {"uv": [9.25625, 5.50625, 11.03125, 5.61875], "texture": "#0"},
				"up": {"uv": [3.59375, 11.15625, 3.50625, 9.38125], "texture": "#0"},
				"down": {"uv": [3.71875, 9.38125, 3.63125, 11.15625], "texture": "#0"}
			}
		},
		{
			"from": [13.8, 0.1, -5.4],
			"to": [14.6, 3.4, 8.8],
			"rotation": {"angle": 0, "axis": "y", "origin": [0, 0, -6.3]},
			"faces": {
				"north": {"uv": [1.75625, 9.63125, 1.84375, 10.03125], "texture": "#0"},
				"east": {"uv": [5.00625, 8.63125, 6.78125, 9.03125], "texture": "#0"},
				"south": {"uv": [1.88125, 9.63125, 1.96875, 10.03125], "texture": "#0"},
				"west": {"uv": [3.13125, 8.88125, 4.90625, 9.28125], "texture": "#0"},
				"up": {"uv": [6.84375, 10.90625, 6.75625, 9.13125], "texture": "#0"},
				"down": {"uv": [3.21875, 9.38125, 3.13125, 11.15625], "texture": "#0"}
			}
		},
		{
			"from": [2.7, 0.1, 8.8],
			"to": [14.1, 3.4, 9.7],
			"rotation": {"angle": 0, "axis": "y", "origin": [0, 0, -6.3]},
			"faces": {
				"north": {"uv": [6.88125, 8.88125, 8.3125, 9.28125], "texture": "#0"},
				"east": {"uv": [8.00625, 9.38125, 8.11875, 9.78125], "texture": "#0"},
				"south": {"uv": [8.38125, 8.88125, 9.8125, 9.28125], "texture": "#0"},
				"west": {"uv": [8.13125, 9.38125, 8.24375, 9.78125], "texture": "#0"},
				"up": {"uv": [10.6875, 5.74375, 9.25625, 5.63125], "texture": "#0"},
				"down": {"uv": [10.6875, 5.75625, 9.25625, 5.86875], "texture": "#0"}
			}
		},
		{
			"from": [3.1, 9.7, -5.8],
			"to": [13.6, 17.3, 6.6],
			"rotation": {"angle": 22.5, "axis": "x", "origin": [0, 0, -6.3]},
			"faces": {
				"north": {"uv": [7.88125, 4.13125, 9.1875, 5.0625], "texture": "#0"},
				"east": {"uv": [0.00625, 7.63125, 1.5625, 8.5625], "texture": "#0"},
				"south": {"uv": [7.88125, 5.13125, 9.1875, 6.0625], "texture": "#0"},
				"west": {"uv": [5.25625, 7.63125, 6.8125, 8.5625], "texture": "#0"},
				"up": {"uv": [7.3125, 3.4375, 6.00625, 1.88125], "texture": "#0"},
				"down": {"uv": [7.6875, 0.00625, 6.38125, 1.5625], "texture": "#0"}
			}
		},
		{
			"from": [3.9, 18.1, -8.4],
			"to": [13.2, 24.9, 2.8],
			"rotation": {"angle": 45, "axis": "x", "origin": [0, 0, -6.3]},
			"faces": {
				"north": {"uv": [5.25625, 6.75625, 6.40625, 7.59375], "texture": "#0"},
				"east": {"uv": [7.88125, 6.13125, 9.28125, 6.96875], "texture": "#0"},
				"south": {"uv": [8.25625, 7.00625, 9.40625, 7.84375], "texture": "#0"},
				"west": {"uv": [1.63125, 8.13125, 3.03125, 8.96875], "texture": "#0"},
				"up": {"uv": [7.78125, 6.03125, 6.63125, 4.63125], "texture": "#0"},
				"down": {"uv": [7.78125, 6.13125, 6.63125, 7.53125], "texture": "#0"}
			}
		},
		{
			"from": [4.8, -3.3, 18],
			"to": [12.1, 4.35, 23.1],
			"rotation": {"angle": -22.5, "axis": "x", "origin": [0, 0, -6.3]},
			"faces": {
				"north": {"uv": [5.00625, 1.88125, 5.90625, 2.84375], "texture": "#0"},
				"east": {"uv": [0.00625, 8.63125, 0.61875, 9.59375], "texture": "#0"},
				"south": {"uv": [8.25625, 7.88125, 9.15625, 8.84375], "texture": "#0"},
				"west": {"uv": [0.63125, 8.63125, 1.24375, 9.59375], "texture": "#0"},
				"up": {"uv": [2.15625, 9.61875, 1.25625, 9.00625], "texture": "#0"},
				"down": {"uv": [10.03125, 0.00625, 9.13125, 0.61875], "texture": "#0"}
			}
		},
		{
			"from": [5.7, -7.6, 21.3],
			"to": [10.7, -2.9, 24.3],
			"rotation": {"angle": -22.5, "axis": "x", "origin": [0, 0, -6.3]},
			"faces": {
				"north": {"uv": [2.25625, 9.00625, 2.86875, 9.59375], "texture": "#0"},
				"east": {"uv": [7.88125, 7.00625, 8.24375, 7.59375], "texture": "#0"},
				"south": {"uv": [9.25625, 4.13125, 9.86875, 4.71875], "texture": "#0"},
				"west": {"uv": [6.38125, 9.13125, 6.74375, 9.71875], "texture": "#0"},
				"up": {"uv": [5.61875, 3.24375, 5.00625, 2.88125], "texture": "#0"},
				"down": {"uv": [9.86875, 4.75625, 9.25625, 5.11875], "texture": "#0"}
			}
		},
		{
			"from": [8, -5.2, 23.1],
			"to": [9.2, 1.9, 24.3],
			"rotation": {"angle": 0, "axis": "y", "origin": [0, 0, -6.3]},
			"faces": {
				"north": {"uv": [3.75625, 9.38125, 3.90625, 10.24375], "texture": "#0"},
				"east": {"uv": [4.00625, 9.38125, 4.15625, 10.24375], "texture": "#0"},
				"south": {"uv": [4.25625, 9.38125, 4.40625, 10.24375], "texture": "#0"},
				"west": {"uv": [4.50625, 9.38125, 4.65625, 10.24375], "texture": "#0"},
				"up": {"uv": [5.15625, 8.53125, 5.00625, 8.38125], "texture": "#0"},
				"down": {"uv": [10.03125, 3.25625, 9.88125, 3.40625], "texture": "#0"}
			}
		},
		{
			"from": [5, -2.5, 23.1],
			"to": [12.1, -1.3, 24.3],
			"rotation": {"angle": 0, "axis": "y", "origin": [0, 0, -6.3]},
			"faces": {
				"north": {"uv": [6.38125, 1.63125, 7.24375, 1.78125], "texture": "#0"},
				"east": {"uv": [9.88125, 4.13125, 10.03125, 4.28125], "texture": "#0"},
				"south": {"uv": [9.38125, 6.13125, 10.24375, 6.28125], "texture": "#0"},
				"west": {"uv": [9.88125, 4.38125, 10.03125, 4.53125], "texture": "#0"},
				"up": {"uv": [10.24375, 6.53125, 9.38125, 6.38125], "texture": "#0"},
				"down": {"uv": [10.24375, 6.63125, 9.38125, 6.78125], "texture": "#0"}
			}
		},
		{
			"from": [9.2, -1.3, 23.1],
			"to": [10.4, -0.1, 24.3],
			"rotation": {"angle": 0, "axis": "y", "origin": [0, 0, -6.3]},
			"faces": {
				"north": {"uv": [9.88125, 4.63125, 10.03125, 4.78125], "texture": "#0"},
				"east": {"uv": [9.88125, 4.88125, 10.03125, 5.03125], "texture": "#0"},
				"south": {"uv": [8.00625, 9.88125, 8.15625, 10.03125], "texture": "#0"},
				"west": {"uv": [9.88125, 8.88125, 10.03125, 9.03125], "texture": "#0"},
				"up": {"uv": [10.03125, 9.28125, 9.88125, 9.13125], "texture": "#0"},
				"down": {"uv": [10.03125, 9.38125, 9.88125, 9.53125], "texture": "#0"}
			}
		},
		{
			"from": [6.8, -1.3, 23.1],
			"to": [8, -0.1, 24.3],
			"rotation": {"angle": 0, "axis": "y", "origin": [0, 0, -6.3]},
			"faces": {
				"north": {"uv": [9.88125, 9.63125, 10.03125, 9.78125], "texture": "#0"},
				"east": {"uv": [9.75625, 9.88125, 9.90625, 10.03125], "texture": "#0"},
				"south": {"uv": [0.25625, 10.00625, 0.40625, 10.15625], "texture": "#0"},
				"west": {"uv": [0.75625, 10.00625, 0.90625, 10.15625], "texture": "#0"},
				"up": {"uv": [1.15625, 10.15625, 1.00625, 10.00625], "texture": "#0"},
				"down": {"uv": [1.40625, 10.00625, 1.25625, 10.15625], "texture": "#0"}
			}
		},
		{
			"from": [8, -2.4, 24.3],
			"to": [9.2, -1.2, 25.5],
			"rotation": {"angle": 0, "axis": "y", "origin": [0, 0, -6.3]},
			"faces": {
				"north": {"uv": [6.00625, 10.00625, 6.15625, 10.15625], "texture": "#0"},
				"east": {"uv": [6.88125, 10.00625, 7.03125, 10.15625], "texture": "#0"},
				"south": {"uv": [7.13125, 10.00625, 7.28125, 10.15625], "texture": "#0"},
				"west": {"uv": [7.38125, 10.00625, 7.53125, 10.15625], "texture": "#0"},
				"up": {"uv": [7.78125, 10.15625, 7.63125, 10.00625], "texture": "#0"},
				"down": {"uv": [8.40625, 10.00625, 8.25625, 10.15625], "texture": "#0"}
			}
		},
		{
			"from": [8, -1.2, 24.3],
			"to": [9.2, 0, 25.5],
			"rotation": {"angle": 0, "axis": "y", "origin": [0, 0, -6.3]},
			"faces": {
				"north": {"uv": [10.13125, 4.63125, 10.28125, 4.78125], "texture": "#0"},
				"east": {"uv": [10.13125, 4.88125, 10.28125, 5.03125], "texture": "#0"},
				"south": {"uv": [6.25625, 10.13125, 6.40625, 10.28125], "texture": "#0"},
				"west": {"uv": [10.13125, 7.25625, 10.28125, 7.40625], "texture": "#0"},
				"up": {"uv": [8.03125, 10.28125, 7.88125, 10.13125], "texture": "#0"},
				"down": {"uv": [10.28125, 8.88125, 10.13125, 9.03125], "texture": "#0"}
			}
		},
		{
			"from": [8, -3.6, 24.3],
			"to": [9.2, -2.4, 25.5],
			"rotation": {"angle": 0, "axis": "y", "origin": [0, 0, -6.3]},
			"faces": {
				"north": {"uv": [10.13125, 9.13125, 10.28125, 9.28125], "texture": "#0"},
				"east": {"uv": [10.13125, 9.38125, 10.28125, 9.53125], "texture": "#0"},
				"south": {"uv": [10.13125, 9.63125, 10.28125, 9.78125], "texture": "#0"},
				"west": {"uv": [9.75625, 10.13125, 9.90625, 10.28125], "texture": "#0"},
				"up": {"uv": [10.15625, 10.28125, 10.00625, 10.13125], "texture": "#0"},
				"down": {"uv": [0.15625, 10.25625, 0.00625, 10.40625], "texture": "#0"}
			}
		},
		{
			"from": [6.7, -2.4, 24.3],
			"to": [7.9, -1.2, 25.5],
			"rotation": {"angle": 0, "axis": "y", "origin": [0, 0, -6.3]},
			"faces": {
				"north": {"uv": [8.50625, 10.00625, 8.65625, 10.15625], "texture": "#0"},
				"east": {"uv": [8.75625, 10.00625, 8.90625, 10.15625], "texture": "#0"},
				"south": {"uv": [9.00625, 10.00625, 9.15625, 10.15625], "texture": "#0"},
				"west": {"uv": [9.25625, 10.00625, 9.40625, 10.15625], "texture": "#0"},
				"up": {"uv": [10.15625, 10.03125, 10.00625, 9.88125], "texture": "#0"},
				"down": {"uv": [10.28125, 0.00625, 10.13125, 0.15625], "texture": "#0"}
			}
		},
		{
			"from": [9.3, -2.4, 24.3],
			"to": [10.5, -1.2, 25.5],
			"rotation": {"angle": 0, "axis": "y", "origin": [0, 0, -6.3]},
			"faces": {
				"north": {"uv": [10.13125, 0.25625, 10.28125, 0.40625], "texture": "#0"},
				"east": {"uv": [1.50625, 10.13125, 1.65625, 10.28125], "texture": "#0"},
				"south": {"uv": [1.75625, 10.13125, 1.90625, 10.28125], "texture": "#0"},
				"west": {"uv": [10.13125, 3.25625, 10.28125, 3.40625], "texture": "#0"},
				"up": {"uv": [10.28125, 4.28125, 10.13125, 4.13125], "texture": "#0"},
				"down": {"uv": [10.28125, 4.38125, 10.13125, 4.53125], "texture": "#0"}
			}
		},
		{
			"from": [-1.6, 2.2, -6.5],
			"to": [2.3, 6.1, -6.5],
			"rotation": {"angle": -45, "axis": "z", "origin": [0, 0, -6.3]},
			"faces": {
				"north": {"uv": [4.00625, 3.25625, 5.96875, 4.8125], "texture": "#0"},
				"east": {"uv": [0.00625, 0.00625, -0.00625, 1.5625], "texture": "#0"},
				"south": {"uv": [0.00625, 4.88125, 1.96875, 6.4375], "texture": "#0"},
				"west": {"uv": [0.00625, 0.00625, -0.00625, 1.5625], "texture": "#0"},
				"up": {"uv": [1.96875, 0.00625, 0.00625, -0.00625], "texture": "#0"},
				"down": {"uv": [1.96875, 0.00625, 0.00625, -0.00625], "texture": "#0"}
			}
		},
		{
			"from": [1, 3.5, -8.3],
			"to": [3.9, 6.5, -8.3],
			"rotation": {"angle": -45, "axis": "z", "origin": [0, 0, -6.3]},
			"faces": {
				"north": {"uv": [4.00625, 3.25625, 5.96875, 4.8125], "texture": "#0"},
				"east": {"uv": [0.00625, 0.00625, -0.00625, 1.5625], "texture": "#0"},
				"south": {"uv": [0.00625, 4.88125, 1.96875, 6.4375], "texture": "#0"},
				"west": {"uv": [0.00625, 0.00625, -0.00625, 1.5625], "texture": "#0"},
				"up": {"uv": [1.96875, 0.00625, 0.00625, -0.00625], "texture": "#0"},
				"down": {"uv": [1.96875, 0.00625, 0.00625, -0.00625], "texture": "#0"}
			}
		},
		{
			"from": [8, -3.6, 21.9],
			"to": [9.2, -2.4, 23.1],
			"rotation": {"angle": 0, "axis": "y", "origin": [0, 0, -6.3]},
			"faces": {
				"north": {"uv": [10.25625, 6.63125, 10.40625, 6.78125], "texture": "#0"},
				"east": {"uv": [6.88125, 10.25625, 7.03125, 10.40625], "texture": "#0"},
				"south": {"uv": [10.25625, 6.88125, 10.40625, 7.03125], "texture": "#0"},
				"west": {"uv": [7.13125, 10.25625, 7.28125, 10.40625], "texture": "#0"},
				"up": {"uv": [7.53125, 10.40625, 7.38125, 10.25625], "texture": "#0"},
				"down": {"uv": [10.40625, 7.50625, 10.25625, 7.65625], "texture": "#0"}
			}
		},
		{
			"from": [9.3, -2.4, 21.9],
			"to": [10.5, -1.2, 23.1],
			"rotation": {"angle": 0, "axis": "y", "origin": [0, 0, -6.3]},
			"faces": {
				"north": {"uv": [5.50625, 10.25625, 5.65625, 10.40625], "texture": "#0"},
				"east": {"uv": [5.75625, 10.25625, 5.90625, 10.40625], "texture": "#0"},
				"south": {"uv": [6.00625, 10.25625, 6.15625, 10.40625], "texture": "#0"},
				"west": {"uv": [10.25625, 6.13125, 10.40625, 6.28125], "texture": "#0"},
				"up": {"uv": [10.40625, 6.53125, 10.25625, 6.38125], "texture": "#0"},
				"down": {"uv": [6.65625, 10.25625, 6.50625, 10.40625], "texture": "#0"}
			}
		},
		{
			"from": [8, -2.4, 21.9],
			"to": [9.2, -1.2, 23.1],
			"rotation": {"angle": 0, "axis": "y", "origin": [0, 0, -6.3]},
			"faces": {
				"north": {"uv": [4.00625, 10.25625, 4.15625, 10.40625], "texture": "#0"},
				"east": {"uv": [4.25625, 10.25625, 4.40625, 10.40625], "texture": "#0"},
				"south": {"uv": [4.50625, 10.25625, 4.65625, 10.40625], "texture": "#0"},
				"west": {"uv": [4.75625, 10.25625, 4.90625, 10.40625], "texture": "#0"},
				"up": {"uv": [5.15625, 10.40625, 5.00625, 10.25625], "texture": "#0"},
				"down": {"uv": [5.40625, 10.25625, 5.25625, 10.40625], "texture": "#0"}
			}
		},
		{
			"from": [6.7, -2.4, 21.9],
			"to": [7.9, -1.2, 23.1],
			"rotation": {"angle": 0, "axis": "y", "origin": [0, 0, -6.3]},
			"faces": {
				"north": {"uv": [2.00625, 10.25625, 2.15625, 10.40625], "texture": "#0"},
				"east": {"uv": [10.25625, 2.00625, 10.40625, 2.15625], "texture": "#0"},
				"south": {"uv": [2.25625, 10.25625, 2.40625, 10.40625], "texture": "#0"},
				"west": {"uv": [10.25625, 2.25625, 10.40625, 2.40625], "texture": "#0"},
				"up": {"uv": [2.65625, 10.40625, 2.50625, 10.25625], "texture": "#0"},
				"down": {"uv": [3.90625, 10.25625, 3.75625, 10.40625], "texture": "#0"}
			}
		},
		{
			"from": [8, -1.2, 21.9],
			"to": [9.2, 0, 23.1],
			"rotation": {"angle": 0, "axis": "y", "origin": [0, 0, -6.3]},
			"faces": {
				"north": {"uv": [0.25625, 10.25625, 0.40625, 10.40625], "texture": "#0"},
				"east": {"uv": [0.75625, 10.25625, 0.90625, 10.40625], "texture": "#0"},
				"south": {"uv": [1.00625, 10.25625, 1.15625, 10.40625], "texture": "#0"},
				"west": {"uv": [1.25625, 10.25625, 1.40625, 10.40625], "texture": "#0"},
				"up": {"uv": [10.40625, 1.65625, 10.25625, 1.50625], "texture": "#0"},
				"down": {"uv": [10.40625, 1.75625, 10.25625, 1.90625], "texture": "#0"}
			}
		},
		{
			"from": [2.5, -2.2, 23.1],
			"to": [5, -1.7, 24.3],
			"rotation": {"angle": 0, "axis": "y", "origin": [0, 0, -6.3]},
			"faces": {
				"north": {"uv": [10.13125, 0.50625, 10.4375, 0.5625], "texture": "#0"},
				"east": {"uv": [10.50625, 4.88125, 10.65625, 4.9375], "texture": "#0"},
				"south": {"uv": [10.25625, 2.50625, 10.5625, 2.5625], "texture": "#0"},
				"west": {"uv": [5.00625, 10.50625, 5.15625, 10.5625], "texture": "#0"},
				"up": {"uv": [6.3125, 4.78125, 6.00625, 4.63125], "texture": "#0"},
				"down": {"uv": [3.4375, 8.13125, 3.13125, 8.28125], "texture": "#0"}
			}
		},
		{
			"from": [12.1, -2.2, 23.1],
			"to": [14.6, -1.7, 24.3],
			"rotation": {"angle": 0, "axis": "y", "origin": [0, 0, -6.3]},
			"faces": {
				"north": {"uv": [10.25625, 7.13125, 10.5625, 7.1875], "texture": "#0"},
				"east": {"uv": [10.50625, 5.00625, 10.65625, 5.0625], "texture": "#0"},
				"south": {"uv": [10.25625, 7.75625, 10.5625, 7.8125], "texture": "#0"},
				"west": {"uv": [5.25625, 10.50625, 5.40625, 10.5625], "texture": "#0"},
				"up": {"uv": [0.8125, 9.78125, 0.50625, 9.63125], "texture": "#0"},
				"down": {"uv": [1.1875, 9.63125, 0.88125, 9.78125], "texture": "#0"}
			}
		},
		{
			"from": [6.8, -3.7, 23.1],
			"to": [8, -2.5, 24.3],
			"rotation": {"angle": 0, "axis": "y", "origin": [0, 0, -6.3]},
			"faces": {
				"north": {"uv": [10.00625, 1.63125, 10.15625, 1.78125], "texture": "#0"},
				"east": {"uv": [10.00625, 1.88125, 10.15625, 2.03125], "texture": "#0"},
				"south": {"uv": [2.00625, 10.00625, 2.15625, 10.15625], "texture": "#0"},
				"west": {"uv": [10.00625, 2.13125, 10.15625, 2.28125], "texture": "#0"},
				"up": {"uv": [2.40625, 10.15625, 2.25625, 10.00625], "texture": "#0"},
				"down": {"uv": [10.15625, 2.38125, 10.00625, 2.53125], "texture": "#0"}
			}
		},
		{
			"from": [9.2, -3.7, 23.1],
			"to": [10.4, -2.5, 24.3],
			"rotation": {"angle": 0, "axis": "y", "origin": [0, 0, -6.3]},
			"faces": {
				"north": {"uv": [2.50625, 10.00625, 2.65625, 10.15625], "texture": "#0"},
				"east": {"uv": [4.75625, 10.00625, 4.90625, 10.15625], "texture": "#0"},
				"south": {"uv": [5.00625, 10.00625, 5.15625, 10.15625], "texture": "#0"},
				"west": {"uv": [5.25625, 10.00625, 5.40625, 10.15625], "texture": "#0"},
				"up": {"uv": [5.65625, 10.15625, 5.50625, 10.00625], "texture": "#0"},
				"down": {"uv": [5.90625, 10.00625, 5.75625, 10.15625], "texture": "#0"}
			}
		},
		{
			"from": [8.3, -7.6, 23.1],
			"to": [8.9, -5.2, 24.3],
			"rotation": {"angle": 0, "axis": "y", "origin": [0, 0, -6.3]},
			"faces": {
				"north": {"uv": [0.50625, 10.38125, 0.5625, 10.6875], "texture": "#0"},
				"east": {"uv": [5.63125, 2.88125, 5.78125, 3.1875], "texture": "#0"},
				"south": {"uv": [0.63125, 10.38125, 0.6875, 10.6875], "texture": "#0"},
				"west": {"uv": [1.25625, 8.63125, 1.40625, 8.9375], "texture": "#0"},
				"up": {"uv": [4.6875, 10.65625, 4.63125, 10.50625], "texture": "#0"},
				"down": {"uv": [10.5625, 4.63125, 10.50625, 4.78125], "texture": "#0"}
			}
		},
		{
			"from": [8.3, 1.9, 23.1],
			"to": [8.9, 4.3, 24.3],
			"rotation": {"angle": 0, "axis": "y", "origin": [0, 0, -6.3]},
			"faces": {
				"north": {"uv": [10.38125, 1.13125, 10.4375, 1.4375], "texture": "#0"},
				"east": {"uv": [9.50625, 7.50625, 9.65625, 7.8125], "texture": "#0"},
				"south": {"uv": [1.50625, 10.38125, 1.5625, 10.6875], "texture": "#0"},
				"west": {"uv": [0.25625, 9.63125, 0.40625, 9.9375], "texture": "#0"},
				"up": {"uv": [4.8125, 10.65625, 4.75625, 10.50625], "texture": "#0"},
				"down": {"uv": [4.9375, 10.50625, 4.88125, 10.65625], "texture": "#0"}
			}
		},
		{
			"from": [16.4, -6.8, -11.9],
			"to": [22.5, -6.8, 15.6],
			"rotation": {"angle": 22.5, "axis": "z", "origin": [0, 0, -6.3]},
			"faces": {
				"north": {"uv": [0.00625, 0.00625, 0.74375, -0.00625], "texture": "#0"},
				"east": {"uv": [0.00625, 0.00625, 3.4375, -0.00625], "texture": "#0"},
				"south": {"uv": [0.00625, 0.00625, 0.74375, -0.00625], "texture": "#0"},
				"west": {"uv": [0.00625, 0.00625, 3.4375, -0.00625], "texture": "#0"},
				"up": {"uv": [4.49375, 8.3125, 3.75625, 4.88125], "texture": "#0"},
				"down": {"uv": [5.24375, 4.88125, 4.50625, 8.3125], "texture": "#0"}
			}
		},
		{
			"from": [-2, -8.2, 12.6],
			"to": [17.9, -8.2, 17.7],
			"rotation": {"angle": -22.5, "axis": "x", "origin": [0, 0, -6.3]},
			"faces": {
				"north": {"uv": [0.00625, 0.00625, 2.49375, -0.00625], "texture": "#0"},
				"east": {"uv": [0.00625, 0.00625, 0.61875, -0.00625], "texture": "#0"},
				"south": {"uv": [0.00625, 0.00625, 2.49375, -0.00625], "texture": "#0"},
				"west": {"uv": [0.00625, 0.00625, 0.61875, -0.00625], "texture": "#0"},
				"up": {"uv": [9.86875, 2.24375, 7.38125, 1.63125], "texture": "#0"},
				"down": {"uv": [9.86875, 2.25625, 7.38125, 2.86875], "texture": "#0"}
			}
		},
		{
			"from": [-8, 0.5, -11.1],
			"to": [-1.3, 0.5, 14.8],
			"rotation": {"angle": 22.5, "axis": "z", "origin": [0, 0, -6.3]},
			"faces": {
				"north": {"uv": [0.00625, 0.00625, 0.84375, -0.00625], "texture": "#0"},
				"east": {"uv": [0.00625, 0.00625, 3.24375, -0.00625], "texture": "#0"},
				"south": {"uv": [0.00625, 0.00625, 0.84375, -0.00625], "texture": "#0"},
				"west": {"uv": [0.00625, 0.00625, 3.24375, -0.00625], "texture": "#0"},
				"up": {"uv": [2.84375, 8.11875, 2.00625, 4.88125], "texture": "#0"},
				"down": {"uv": [3.71875, 4.88125, 2.88125, 8.11875], "texture": "#0"}
			}
		},
		{
			"from": [-2, 1.8, -15.1],
			"to": [17.2, 1.8, -10.7],
			"rotation": {"angle": -22.5, "axis": "x", "origin": [0, 0, -6.3]},
			"faces": {
				"north": {"uv": [0.00625, 0.00625, 2.40625, -0.00625], "texture": "#0"},
				"east": {"uv": [0.00625, 0.00625, 0.5625, -0.00625], "texture": "#0"},
				"south": {"uv": [0.00625, 0.00625, 2.40625, -0.00625], "texture": "#0"},
				"west": {"uv": [0.00625, 0.00625, 0.5625, -0.00625], "texture": "#0"},
				"up": {"uv": [9.78125, 3.4375, 7.38125, 2.88125], "texture": "#0"},
				"down": {"uv": [10.28125, 3.50625, 7.88125, 4.0625], "texture": "#0"}
			}
		}
	],
	"display": {
		"thirdperson_righthand": {
			"rotation": [44.83, 38.68, 14.64],
			"scale": [0.39844, 0.39844, 0.39844]
		},
		"thirdperson_lefthand": {
			"rotation": [44.83, 38.68, 14.64],
			"scale": [0.39844, 0.39844, 0.39844]
		},
		"firstperson_righthand": {
			"translation": [7.75, -1.5, 0],
			"scale": [0.79688, 0.87891, 1]
		},
		"firstperson_lefthand": {
			"translation": [17, 0, 0]
		},
		"ground": {
			"rotation": [19.55, 1.37, 8.01],
			"translation": [0, 3.75, 0],
			"scale": [0.69727, 0.57227, 0.58008]
		},
		"gui": {
			"rotation": [-157, 46, -180],
			"translation": [1.75, 1.5, 0],
			"scale": [0.36328, 0.50586, 0.45703]
		},
		"head": {
			"rotation": [8.75, 0, 0],
			"translation": [-0.5, 9.75, 6.75],
			"scale": [1.17578, 1.01563, 1.0293]
		},
		"fixed": {
			"rotation": [-90.07, -72.97, -4.16],
			"translation": [0, 0, -11.25],
			"scale": [1.25781, 1.29492, 1]
		}
	}
}