{
	"credit": "Made with Blockbench",
	"textures": {
		"3": "ttp/i/c/mansikmaskrpm",
		"particle": "ttp/i/c/mansikmaskrpm"
	},
	"elements": [
		{
			"from": [5.5, 3.5, 1.975],
			"to": [10.5, 13, 18.475],
			"rotation": {"angle": 0, "axis": "y", "origin": [8, 4.125, 9.3]},
			"faces": {
				"north": {"uv": [0, 0, 0, 0], "texture": "#3"},
				"east": {"uv": [0, 0, 0, 0], "texture": "#3"},
				"south": {"uv": [1, 10, 3.5, 10.25], "texture": "#3"},
				"west": {"uv": [0, 0, 0, 0], "texture": "#3"},
				"up": {"uv": [1, 10, 3.5, 10.25], "texture": "#3"},
				"down": {"uv": [0, 0, 0, 0], "texture": "#3"}
			}
		},
		{
			"from": [5, 13, 1.5],
			"to": [7, 14, 2.475],
			"rotation": {"angle": 0, "axis": "y", "origin": [8, 4.125, 9.3]},
			"faces": {
				"north": {"uv": [0.25, 11, 0.5, 10], "rotation": 90, "texture": "#3"},
				"east": {"uv": [0.25, 10.25, 0.5, 10], "rotation": 270, "texture": "#3"},
				"south": {"uv": [0.25, 11, 0.5, 10], "rotation": 270, "texture": "#3"},
				"west": {"uv": [0.25, 11, 0.5, 10.75], "rotation": 270, "texture": "#3"},
				"up": {"uv": [0.25, 11, 0.5, 10], "rotation": 270, "texture": "#3"},
				"down": {"uv": [8.5, 8.25, 8.75, 1.25], "rotation": 270, "texture": "#3"}
			}
		},
		{
			"from": [9, 13, 1.5],
			"to": [11, 14, 2.475],
			"rotation": {"angle": 0, "axis": "y", "origin": [8, 4.125, 9.3]},
			"faces": {
				"north": {"uv": [0.25, 10, 0.5, 11], "rotation": 90, "texture": "#3"},
				"east": {"uv": [0.25, 10.75, 0.5, 11], "rotation": 270, "texture": "#3"},
				"south": {"uv": [0.25, 10, 0.5, 11], "rotation": 270, "texture": "#3"},
				"west": {"uv": [0.25, 10, 0.5, 10.25], "rotation": 270, "texture": "#3"},
				"up": {"uv": [0.25, 10, 0.5, 11], "rotation": 270, "texture": "#3"},
				"down": {"uv": [8.5, 1.25, 8.75, 8.25], "rotation": 270, "texture": "#3"}
			}
		},
		{
			"from": [0.5, -3.5, -0.5],
			"to": [15.5, 11.5, 1],
			"rotation": {"angle": 0, "axis": "y", "origin": [8, 4.125, 9.3]},
			"faces": {
				"north": {"uv": [0.75, 1, 8.25, 8.5], "texture": "#3"},
				"east": {"uv": [0.75, 1, 1, 8.5], "texture": "#3"},
				"south": {"uv": [0.5, 0.5, 0.5, 0.5], "texture": "#3"},
				"west": {"uv": [8, 1, 8.25, 8.5], "texture": "#3"},
				"up": {"uv": [8.25, 1, 0.75, 1.25], "texture": "#3"},
				"down": {"uv": [8.25, 8.25, 0.75, 8.5], "texture": "#3"}
			}
		},
		{
			"from": [3, -4.5, -0.5],
			"to": [13, 12.5, 1],
			"rotation": {"angle": 0, "axis": "y", "origin": [8, 4.125, 9.3]},
			"faces": {
				"north": {"uv": [2, 0.5, 7, 9], "texture": "#3"},
				"east": {"uv": [2, 0.5, 2.25, 9], "texture": "#3"},
				"south": {"uv": [2, 0.5, 7, 0.75], "texture": "#3"},
				"west": {"uv": [6.75, 0.5, 7, 9], "texture": "#3"},
				"up": {"uv": [7, 0.5, 2, 0.75], "texture": "#3"},
				"down": {"uv": [7, 8.75, 2, 9], "texture": "#3"}
			}
		},
		{
			"from": [1.5, -4, -0.5],
			"to": [14.5, 12, 1],
			"rotation": {"angle": 0, "axis": "y", "origin": [8, 4.125, 9.3]},
			"faces": {
				"north": {"uv": [1.25, 0.75, 7.75, 8.75], "texture": "#3"},
				"east": {"uv": [1.25, 0.75, 1.5, 8.75], "texture": "#3"},
				"south": {"uv": [1.25, 0.75, 7.75, 1], "texture": "#3"},
				"west": {"uv": [7.5, 0.75, 7.75, 8.75], "texture": "#3"},
				"up": {"uv": [7.75, 0.75, 1.25, 1], "texture": "#3"},
				"down": {"uv": [7.75, 8.5, 1.25, 8.75], "texture": "#3"}
			}
		},
		{
			"from": [3, -5, 0],
			"to": [13, 13, 1],
			"rotation": {"angle": 0, "axis": "y", "origin": [8, 4.125, 9.3]},
			"faces": {
				"north": {"uv": [2, 0.25, 7, 9.25], "texture": "#3"},
				"east": {"uv": [2, 0.25, 2.25, 9.25], "texture": "#3"},
				"south": {"uv": [0, 0, 0, 0], "texture": "#3"},
				"west": {"uv": [6.75, 0.25, 7, 9.25], "texture": "#3"},
				"up": {"uv": [7, 0.25, 2, 0.5], "texture": "#3"},
				"down": {"uv": [7, 9.25, 2, 9], "texture": "#3"}
			}
		},
		{
			"from": [0.5, -4, 0],
			"to": [15.5, 12, 1],
			"rotation": {"angle": 0, "axis": "y", "origin": [8, 4.125, 9.3]},
			"faces": {
				"north": {"uv": [0.75, 0.75, 8.25, 8.75], "texture": "#3"},
				"east": {"uv": [0.75, 0.75, 1, 8.75], "texture": "#3"},
				"south": {"uv": [0, 0, 0, 0], "texture": "#3"},
				"west": {"uv": [8, 0.75, 8.25, 8.75], "texture": "#3"},
				"up": {"uv": [8.25, 0.75, 0.75, 1], "texture": "#3"},
				"down": {"uv": [8.25, 8.5, 0.75, 8.75], "texture": "#3"}
			}
		},
		{
			"from": [0, -3.5, 0],
			"to": [16, 11.5, 1],
			"rotation": {"angle": 0, "axis": "y", "origin": [8, 4.125, 9.3]},
			"faces": {
				"north": {"uv": [0.5, 1, 8.5, 8.5], "texture": "#3"},
				"east": {"uv": [0.5, 1, 0.75, 8.5], "texture": "#3"},
				"south": {"uv": [0, 0, 0, 0], "texture": "#3"},
				"west": {"uv": [8.25, 1, 8.5, 8.5], "texture": "#3"},
				"up": {"uv": [8.5, 1, 0.5, 1.25], "texture": "#3"},
				"down": {"uv": [8.5, 8.25, 0.5, 8.5], "texture": "#3"}
			}
		},
		{
			"from": [-0.5, -2.5, 0],
			"to": [16.5, 10.5, 1],
			"rotation": {"angle": 0, "axis": "y", "origin": [8, 4.125, 9.3]},
			"faces": {
				"north": {"uv": [0.25, 1.5, 8.75, 8], "texture": "#3"},
				"east": {"uv": [0.25, 1.5, 0.5, 8], "texture": "#3"},
				"south": {"uv": [0, 0, 0, 0], "texture": "#3"},
				"west": {"uv": [8.5, 1.5, 8.75, 8], "texture": "#3"},
				"up": {"uv": [8.75, 1.5, 0.25, 1.75], "texture": "#3"},
				"down": {"uv": [8.75, 7.75, 0.25, 8], "texture": "#3"}
			}
		},
		{
			"from": [-0.5, -3, 1],
			"to": [16.5, 11, 2],
			"rotation": {"angle": 0, "axis": "y", "origin": [8, 4.125, 9.3]},
			"faces": {
				"north": {"uv": [0.25, 1.25, 8.75, 8.25], "texture": "#3"},
				"east": {"uv": [0.25, 1.25, 0.5, 8.25], "texture": "#3"},
				"south": {"uv": [8.75, 1.25, 0.25, 8.25], "texture": "#3"},
				"west": {"uv": [8.5, 1.25, 8.75, 8.25], "texture": "#3"},
				"up": {"uv": [8.75, 1.25, 0.25, 1.5], "texture": "#3"},
				"down": {"uv": [8.75, 8, 0.25, 8.25], "texture": "#3"}
			}
		},
		{
			"from": [4, 13, 1],
			"to": [12, 13.5, 2],
			"rotation": {"angle": 0, "axis": "y", "origin": [8, 4.125, 9.3]},
			"faces": {
				"north": {"uv": [2.5, 0, 6.5, 0.25], "texture": "#3"},
				"east": {"uv": [2.5, 0, 2.75, 0.25], "texture": "#3"},
				"south": {"uv": [6.5, 0, 2.5, 0.25], "texture": "#3"},
				"west": {"uv": [6.25, 0, 6.5, 0.25], "texture": "#3"},
				"up": {"uv": [6.5, 0, 2.5, 0.25], "texture": "#3"},
				"down": {"uv": [2.5, 0, 6.5, 0.25], "texture": "#3"}
			}
		},
		{
			"from": [0.5, -4.5, 1],
			"to": [15.5, 12.5, 2],
			"rotation": {"angle": 0, "axis": "y", "origin": [8, 4.125, 9.3]},
			"faces": {
				"north": {"uv": [0.75, 0.5, 8.25, 9], "texture": "#3"},
				"east": {"uv": [0.75, 0.5, 1, 9], "texture": "#3"},
				"south": {"uv": [8.25, 0.5, 0.75, 9], "texture": "#3"},
				"west": {"uv": [8, 0.5, 8.25, 9], "texture": "#3"},
				"up": {"uv": [8.25, 0.5, 0.75, 0.75], "texture": "#3"},
				"down": {"uv": [8.25, 8.75, 0.75, 9], "texture": "#3"}
			}
		},
		{
			"from": [0, -4, 1],
			"to": [16, 12, 2],
			"rotation": {"angle": 0, "axis": "y", "origin": [8, 4.125, 9.3]},
			"faces": {
				"north": {"uv": [0.5, 0.75, 8.5, 8.75], "texture": "#3"},
				"east": {"uv": [0.5, 0.75, 0.75, 8.75], "texture": "#3"},
				"south": {"uv": [8.5, 0.75, 0.5, 8.75], "texture": "#3"},
				"west": {"uv": [8.25, 0.75, 8.5, 8.75], "texture": "#3"},
				"up": {"uv": [8.5, 0.75, 0.5, 1], "texture": "#3"},
				"down": {"uv": [8.5, 8.5, 0.5, 8.75], "texture": "#3"}
			}
		},
		{
			"from": [1.5, -5, 1],
			"to": [14.5, 13, 2],
			"rotation": {"angle": 0, "axis": "y", "origin": [8, 4.125, 9.3]},
			"faces": {
				"north": {"uv": [1.25, 0.25, 7.75, 9.25], "texture": "#3"},
				"east": {"uv": [1.25, 0.25, 1.5, 9.25], "texture": "#3"},
				"south": {"uv": [7.75, 0.25, 1.25, 9.25], "texture": "#3"},
				"west": {"uv": [7.5, 0.25, 7.75, 9.25], "texture": "#3"},
				"up": {"uv": [7.75, 0.25, 1.25, 0.5], "texture": "#3"},
				"down": {"uv": [7.75, 9, 1.25, 9.25], "texture": "#3"}
			}
		},
		{
			"from": [3, -5.5, 1],
			"to": [13, -5, 2],
			"rotation": {"angle": 0, "axis": "y", "origin": [8, 4.125, 9.3]},
			"faces": {
				"north": {"uv": [2, 9.25, 7, 9.5], "texture": "#3"},
				"east": {"uv": [2, 9.25, 2.25, 9.5], "texture": "#3"},
				"south": {"uv": [2, 9.25, 7, 9.5], "texture": "#3"},
				"west": {"uv": [6.75, 9.25, 7, 9.5], "texture": "#3"},
				"up": {"uv": [2, 9.25, 7, 9.5], "texture": "#3"},
				"down": {"uv": [7, 9.25, 2, 9.5], "texture": "#3"}
			}
		},
		{
			"from": [0, -2.5, -0.5],
			"to": [16, 10.5, 1],
			"rotation": {"angle": 0, "axis": "y", "origin": [8, 4.125, 9.3]},
			"faces": {
				"north": {"uv": [0.5, 1.5, 8.5, 8], "texture": "#3"},
				"east": {"uv": [0.5, 1.5, 0.75, 8], "texture": "#3"},
				"south": {"uv": [0.5, 0.5, 0.5, 0.5], "texture": "#3"},
				"west": {"uv": [8.25, 1.5, 8.5, 8], "texture": "#3"},
				"up": {"uv": [8.5, 1.5, 0.5, 1.75], "texture": "#3"},
				"down": {"uv": [8.5, 7.75, 0.5, 8], "texture": "#3"}
			}
		},
		{
			"from": [1.5, -4.5, 0],
			"to": [14.5, 12.5, 1],
			"rotation": {"angle": 0, "axis": "y", "origin": [8, 4.125, 9.3]},
			"faces": {
				"north": {"uv": [1.25, 0.5, 7.75, 9], "texture": "#3"},
				"east": {"uv": [1.25, 0.5, 1.5, 9], "texture": "#3"},
				"south": {"uv": [0, 0, 0, 0], "texture": "#3"},
				"west": {"uv": [7.5, 0.5, 7.75, 9], "texture": "#3"},
				"up": {"uv": [7.75, 0.5, 1.25, 0.75], "texture": "#3"},
				"down": {"uv": [7.75, 8.75, 1.25, 9], "texture": "#3"}
			}
		},
		{
			"from": [-0.5, 4, 1.975],
			"to": [16.5, 7.5, 18.475],
			"rotation": {"angle": 0, "axis": "y", "origin": [8, 4.125, 9.3]},
			"faces": {
				"north": {"uv": [0, 0, 0, 0], "texture": "#3"},
				"east": {"uv": [0.5, 11.75, 0.75, 13.75], "texture": "#3"},
				"south": {"uv": [0.5, 11.75, 0.75, 13.75], "texture": "#3"},
				"west": {"uv": [0.5, 11.75, 0.75, 13.75], "texture": "#3"},
				"up": {"uv": [0, 0, 0, 0], "texture": "#3"},
				"down": {"uv": [0, 0, 0, 0], "texture": "#3"}
			}
		},
		{
			"from": [-1, 6, 1],
			"to": [17, 8, 1.975],
			"rotation": {"angle": 0, "axis": "y", "origin": [8, 4.125, 9.3]},
			"faces": {
				"north": {"uv": [0.25, 10, 0.5, 11], "texture": "#3"},
				"east": {"uv": [0.25, 10, 0.5, 11], "texture": "#3"},
				"south": {"uv": [0.25, 10, 0.5, 11], "texture": "#3"},
				"west": {"uv": [0.25, 10, 0.5, 11], "texture": "#3"},
				"up": {"uv": [0.25, 10, 0.5, 10.25], "texture": "#3"},
				"down": {"uv": [0.25, 10.75, 0.5, 11], "texture": "#3"}
			}
		},
		{
			"from": [-1, 3, 1],
			"to": [17, 5, 1.975],
			"rotation": {"angle": 0, "axis": "y", "origin": [8, 4.125, 9.3]},
			"faces": {
				"north": {"uv": [0.25, 10, 0.5, 11], "texture": "#3"},
				"east": {"uv": [0.25, 10, 0.5, 11], "texture": "#3"},
				"south": {"uv": [0.25, 10, 0.5, 11], "texture": "#3"},
				"west": {"uv": [0.25, 10, 0.5, 11], "texture": "#3"},
				"up": {"uv": [0.25, 10, 0.5, 10.25], "texture": "#3"},
				"down": {"uv": [0.25, 10.75, 0.5, 11], "texture": "#3"}
			}
		},
		{
			"from": [5.25, 2.75, 17.725],
			"to": [10.75, 8.25, 18.975],
			"rotation": {"angle": 0, "axis": "y", "origin": [8, 4.125, 9.3]},
			"faces": {
				"north": {"uv": [1, 10.5, 3.75, 13.25], "texture": "#3"},
				"east": {"uv": [3.75, 13.25, 3.25, 10.5], "texture": "#3"},
				"south": {"uv": [1, 10.5, 3.75, 13.25], "texture": "#3"},
				"west": {"uv": [3.25, 13.25, 3.75, 10.5], "texture": "#3"},
				"up": {"uv": [1, 11, 3.75, 10.5], "texture": "#3"},
				"down": {"uv": [1, 10.5, 3.75, 11], "texture": "#3"}
			}
		},
		{
			"from": [3, 9, -6],
			"to": [3, 21, 1],
			"rotation": {"angle": 0, "axis": "y", "origin": [1, 11, -1]},
			"faces": {
				"north": {"uv": [9, 10, 9, 16], "texture": "#3"},
				"east": {"uv": [16, 10.25, 12.5, 16], "texture": "#3"},
				"south": {"uv": [9, 10, 9, 16], "texture": "#3"},
				"west": {"uv": [12.5, 10.25, 16, 16], "texture": "#3"},
				"up": {"uv": [9, 10.25, 9, 11.25], "texture": "#3"},
				"down": {"uv": [9, 10.25, 9, 11.25], "texture": "#3"}
			}
		},
		{
			"from": [13, 9, -6],
			"to": [13, 21, 1],
			"rotation": {"angle": 0, "axis": "y", "origin": [11, 11, -1]},
			"faces": {
				"north": {"uv": [9, 10, 9, 16], "texture": "#3"},
				"east": {"uv": [16, 10.25, 12.5, 16], "texture": "#3"},
				"south": {"uv": [9, 10, 9, 16], "texture": "#3"},
				"west": {"uv": [12.5, 10.25, 16, 16], "texture": "#3"},
				"up": {"uv": [9, 10.25, 9, 11.25], "texture": "#3"},
				"down": {"uv": [9, 10.25, 9, 11.25], "texture": "#3"}
			}
		},
		{
			"from": [2.3, -4.7, -1.2],
			"to": [6.3, 1.3, -1.2],
			"rotation": {"angle": -22.5, "axis": "y", "origin": [4.3, -2.7, -0.2]},
			"faces": {
				"north": {"uv": [14, 6.25, 16, 10.25], "texture": "#3"},
				"east": {"uv": [16, 5.25, 16, 10.25], "texture": "#3"},
				"south": {"uv": [16, 6.25, 14, 10.25], "texture": "#3"},
				"west": {"uv": [16, 5.25, 16, 10.25], "texture": "#3"},
				"up": {"uv": [16, 10.25, 16, 5.25], "rotation": 270, "texture": "#3"},
				"down": {"uv": [16, 9.25, 16, 10.25], "rotation": 90, "texture": "#3"}
			}
		},
		{
			"from": [8.99552, -4.7, -1.04776],
			"to": [12.99552, 1.3, -1.04776],
			"rotation": {"angle": 22.5, "axis": "y", "origin": [10.99552, -2.7, -2.04776]},
			"faces": {
				"north": {"uv": [16, 6.25, 14, 10.25], "texture": "#3"},
				"east": {"uv": [16, 5.25, 16, 10.25], "texture": "#3"},
				"south": {"uv": [14, 6.25, 16, 10.25], "texture": "#3"},
				"west": {"uv": [16, 5.25, 16, 10.25], "texture": "#3"},
				"up": {"uv": [16, 10.25, 16, 5.25], "rotation": 90, "texture": "#3"},
				"down": {"uv": [16, 9.25, 16, 10.25], "rotation": 270, "texture": "#3"}
			}
		},
		{
			"from": [1, -4.7, -1.1],
			"to": [5, 1.3, -1.1],
			"rotation": {"angle": -22.5, "axis": "y", "origin": [3, -2.7, -0.1]},
			"faces": {
				"north": {"uv": [14, 0, 16, 4], "texture": "#3"},
				"east": {"uv": [16, 0, 16, 4], "texture": "#3"},
				"south": {"uv": [16, 0, 14, 4], "texture": "#3"},
				"west": {"uv": [16, 0, 16, 4], "texture": "#3"},
				"up": {"uv": [16, 0, 12, 0], "texture": "#3"},
				"down": {"uv": [16, 0, 12, 0], "texture": "#3"}
			}
		},
		{
			"from": [10.29552, -4.7, -0.94776],
			"to": [14.29552, 1.3, -0.94776],
			"rotation": {"angle": 22.5, "axis": "y", "origin": [12.29552, -2.7, -1.94776]},
			"faces": {
				"north": {"uv": [16, 0, 14, 4], "texture": "#3"},
				"east": {"uv": [16, 0, 16, 4], "texture": "#3"},
				"south": {"uv": [14, 0, 16, 4], "texture": "#3"},
				"west": {"uv": [16, 0, 16, 4], "texture": "#3"},
				"up": {"uv": [16, 0, 12, 0], "texture": "#3"},
				"down": {"uv": [16, 0, 12, 0], "texture": "#3"}
			}
		}
	],
	"display": {
		"thirdperson_righthand": {
			"rotation": [90, 45, 0],
			"translation": [-0.75, -0.25, 0.75],
			"scale": [0.3, 0.3, 0.3]
		},
		"thirdperson_lefthand": {
			"rotation": [90, 45, 0],
			"translation": [-0.75, -0.25, 0.75],
			"scale": [0.3, 0.3, 0.3]
		},
		"firstperson_righthand": {
			"rotation": [0, 135, 0],
			"translation": [1, 4.75, 0],
			"scale": [0.38, 0.38, 0.38]
		},
		"firstperson_lefthand": {
			"rotation": [0, 135, 0],
			"translation": [1, 4.75, 0],
			"scale": [0.38, 0.38, 0.38]
		},
		"ground": {
			"rotation": [35, 0, 0],
			"translation": [0, 1.75, 2.75],
			"scale": [0.3, 0.3, 0.3]
		},
		"gui": {
			"rotation": [-27, 165, 29],
			"translation": [1.75, -0.75, 0],
			"scale": [0.51625, 0.51625, 0.51625]
		},
		"head": {
			"translation": [0, 2.75, -1.75],
			"scale": [0.78, 0.78, 0.78]
		},
		"fixed": {
			"translation": [0, 5.25, 7.75],
			"scale": [1.2, 1.2, 1.2]
		}
	},
	"groups": [
		{
			"name": "group",
			"origin": [0, 0, 0],
			"color": 0,
			"children": [0, 1, 2, 3, 4, 5, 6, 7, 8, 9, 10, 11, 12, 13, 14, 15, 16, 17, 18, 19, 20, 21]
		},
		22,
		23,
		24,
		25,
		26,
		27
	]
}